{
  "phase": 6,
  "name": "Orthogonalization x Spike Fusion",
  "fact_skill_angle_deg": 2.9946711595129503,
  "vanilla_threshold": 7,
  "ortho_threshold": 7,
  "vanilla_sweep": {
    "0": {
      "accuracy": 0.0,
      "entropy": 5.979475021362305
    },
    "1": {
      "accuracy": 0.4,
      "entropy": 5.872652149200439
    },
    "2": {
      "accuracy": 0.6,
      "entropy": 5.584191608428955
    },
    "3": {
      "accuracy": 0.6,
      "entropy": 5.011969661712646
    },
    "5": {
      "accuracy": 0.8,
      "entropy": 3.3022792816162108
    },
    "7": {
      "accuracy": 1.0,
      "entropy": 1.686467358469963
    },
    "10": {
      "accuracy": 1.0,
      "entropy": 0.2438850112259388
    },
    "15": {
      "accuracy": 1.0,
      "entropy": 0.00265892090392299
    },
    "20": {
      "accuracy": 1.0,
      "entropy": 2.3876492105046054e-05
    },
    "50": {
      "accuracy": 1.0,
      "entropy": 3.0851133828781263e-18
    }
  },
  "ortho_sweep": {
    "0": {
      "accuracy": 0.2,
      "entropy": 7.39326753616333
    },
    "1": {
      "accuracy": 0.4,
      "entropy": 7.20374698638916
    },
    "2": {
      "accuracy": 0.4,
      "entropy": 6.787321853637695
    },
    "3": {
      "accuracy": 0.6,
      "entropy": 6.129240226745606
    },
    "5": {
      "accuracy": 0.8,
      "entropy": 4.629566979408264
    },
    "7": {
      "accuracy": 1.0,
      "entropy": 3.2642924964427946
    },
    "10": {
      "accuracy": 1.0,
      "entropy": 0.896481690555811
    },
    "15": {
      "accuracy": 1.0,
      "entropy": 0.011152696565841325
    },
    "20": {
      "accuracy": 1.0,
      "entropy": 9.988696450591306e-05
    },
    "50": {
      "accuracy": 1.0,
      "entropy": 1.2752619905818116e-17
    }
  }
}