{
  "phase": "179",
  "name": "Surgery Strength Spectrum",
  "results": {
    "0": {
      "strength": 0,
      "avg_cos": 0.7300691604614258,
      "fact_acc": 0.375,
      "arith_acc": 0.0,
      "combined": 0.1875
    },
    "0.25": {
      "strength": 0.25,
      "avg_cos": 0.5327511429786682,
      "fact_acc": 0.375,
      "arith_acc": 0.0,
      "combined": 0.1875
    },
    "0.5": {
      "strength": 0.5,
      "avg_cos": 0.3730090856552124,
      "fact_acc": 0.375,
      "arith_acc": 0.0,
      "combined": 0.1875
    },
    "1.0": {
      "strength": 1.0,
      "avg_cos": 0.1719169020652771,
      "fact_acc": 0.625,
      "arith_acc": 0.5,
      "combined": 0.5625
    },
    "1.5": {
      "strength": 1.5,
      "avg_cos": 0.0680479034781456,
      "fact_acc": 0.75,
      "arith_acc": 0.8333333333333334,
      "combined": 0.7916666666666667
    },
    "2.0": {
      "strength": 2.0,
      "avg_cos": 0.01092514768242836,
      "fact_acc": 0.875,
      "arith_acc": 0.8333333333333334,
      "combined": 0.8541666666666667
    },
    "3.0": {
      "strength": 3.0,
      "avg_cos": -0.04455435276031494,
      "fact_acc": 0.875,
      "arith_acc": 0.8333333333333334,
      "combined": 0.8541666666666667
    },
    "4.0": {
      "strength": 4.0,
      "avg_cos": -0.06912045180797577,
      "fact_acc": 0.875,
      "arith_acc": 0.8333333333333334,
      "combined": 0.8541666666666667
    },
    "5.0": {
      "strength": 5.0,
      "avg_cos": -0.08196493238210678,
      "fact_acc": 0.75,
      "arith_acc": 0.8333333333333334,
      "combined": 0.7916666666666667
    },
    "7.0": {
      "strength": 7.0,
      "avg_cos": -0.09423989057540894,
      "fact_acc": 0.625,
      "arith_acc": 0.6666666666666666,
      "combined": 0.6458333333333333
    },
    "10.0": {
      "strength": 10.0,
      "avg_cos": -0.10134224593639374,
      "fact_acc": 0.625,
      "arith_acc": 0.8333333333333334,
      "combined": 0.7291666666666667
    }
  }
}