{
  "phase": "190",
  "name": "The Abacus Probe",
  "results": {
    "10": {
      "carry": 0.8666666666666667,
      "ones": 0.0,
      "sum": 0.0
    },
    "12": {
      "carry": 0.9,
      "ones": 0.0,
      "sum": 0.0
    },
    "14": {
      "carry": 0.9,
      "ones": 0.0,
      "sum": 0.0
    },
    "15": {
      "carry": 0.9,
      "ones": 0.0,
      "sum": 0.0
    },
    "16": {
      "carry": 0.9333333333333333,
      "ones": 0.0,
      "sum": 0.0
    },
    "18": {
      "carry": 0.9333333333333333,
      "ones": 0.0,
      "sum": 0.03333333333333333
    },
    "20": {
      "carry": 1.0,
      "ones": 0.16666666666666666,
      "sum": 0.2
    }
  }
}