{
  "phase": "151",
  "name": "DPO Gradient Cancellation",
  "results": {
    "0.5B": {
      "model": "0.5B",
      "n_params": 26148864,
      "cos_matrix": [
        [
          1.0,
          -0.0629921406507492,
          0.04256957769393921,
          0.09265562891960144
        ],
        [
          -0.0629921406507492,
          1.0,
          -0.01911766082048416,
          -0.28106316924095154
        ],
        [
          0.04256957769393921,
          -0.01911766082048416,
          1.0,
          0.054509811103343964
        ],
        [
          0.09265562891960144,
          -0.28106316924095154,
          0.054509811103343964,
          0.9999998807907104
        ]
      ],
      "norms": [
        14.695347785949707,
        15.284244537353516,
        25.867034912109375,
        9.576671600341797
      ],
      "losses": [
        0.6931471824645996,
        0.6931471824645996,
        0.6931471824645996,
        0.6931471824645996
      ],
      "net_norm": 34.20721435546875,
      "sum_norms": 65.4232988357544,
      "cancellation_ratio": 0.5228598215643924,
      "projections": [
        6.753726959228516,
        4.991972923278809,
        20.207143783569336,
        2.2543675899505615
      ]
    },
    "1.5B": {
      "model": "1.5B",
      "n_params": 82575360,
      "cos_matrix": [
        [
          0.9999998807907104,
          -0.09313999861478806,
          0.10072218626737595,
          0.16259144246578217
        ],
        [
          -0.09313999861478806,
          0.9999999403953552,
          -0.00985817052423954,
          -0.46814656257629395
        ],
        [
          0.10072218626737595,
          -0.00985817052423954,
          1.0,
          0.09929690510034561
        ],
        [
          0.16259144246578217,
          -0.46814656257629395,
          0.09929690510034561,
          0.9999999403953552
        ]
      ],
      "norms": [
        6.015109539031982,
        5.75209903717041,
        10.92471981048584,
        4.897428035736084
      ],
      "losses": [
        0.6931471824645996,
        0.6931471824645996,
        0.6931471824645996,
        0.6931471824645996
      ],
      "net_norm": 14.559700012207031,
      "sum_norms": 27.589356422424316,
      "cancellation_ratio": 0.527728874469877,
      "projections": [
        3.0472774505615234,
        1.1028138399124146,
        8.974187850952148,
        1.4354193210601807
      ]
    }
  }
}