{
  "phase": 116,
  "name": "UAlign Blackhole (Epistemic Spike)",
  "results": {
    "Qwen2.5-0.5B": {
      "model": "Qwen/Qwen2.5-0.5B",
      "n_layers": 24,
      "best_layer": 22,
      "known_entropies": [
        6.648751258850098,
        3.9494619369506836,
        4.830262184143066,
        6.263577461242676,
        6.60910701751709,
        5.303908824920654,
        5.6234130859375,
        4.102731227874756,
        6.528608322143555,
        6.020252227783203,
        2.538632392883301,
        4.165315628051758,
        4.295172691345215,
        2.9571738243103027,
        2.7708163261413574
      ],
      "unknown_entropies": [
        5.375696182250977,
        1.9168401956558228,
        2.059037446975708,
        4.511948108673096,
        7.965724945068359,
        6.769818305969238,
        0.38839107751846313,
        5.985406875610352,
        6.2566022872924805,
        7.750864028930664,
        3.6220850944519043,
        4.844043731689453,
        3.620248317718506,
        3.787443161010742,
        3.410881996154785
      ],
      "known_entropy_mean": 4.840478960673014,
      "unknown_entropy_mean": 4.551002116998037,
      "best_threshold": -0.11160892248153687,
      "best_overall_acc": 0.5
    },
    "Qwen2.5-1.5B": {
      "model": "Qwen/Qwen2.5-1.5B",
      "n_layers": 28,
      "best_layer": 26,
      "known_entropies": [
        2.5158491134643555,
        2.1528100967407227,
        2.261467933654785,
        2.572183847427368,
        2.010925769805908,
        2.849260091781616,
        1.4040685892105103,
        1.9488707780838013,
        1.6110010147094727,
        3.1411805152893066,
        1.135876178741455,
        2.160942554473877,
        2.079993486404419,
        0.698014497756958,
        0.6076327562332153
      ],
      "unknown_entropies": [
        3.553072929382324,
        0.3143766522407532,
        2.249213457107544,
        4.425782203674316,
        3.3328590393066406,
        3.001448154449463,
        0.5047564506530762,
        3.4156670570373535,
        1.815443754196167,
        2.959523916244507,
        1.5844945907592773,
        2.1989898681640625,
        1.413642406463623,
        1.942869782447815,
        2.1350138187408447
      ],
      "known_entropy_mean": 1.9433384815851846,
      "unknown_entropy_mean": 2.3231436053911847,
      "best_threshold": -0.18562334775924683,
      "best_overall_acc": 0.5
    }
  },
  "threshold_sweeps": {
    "Qwen2.5-0.5B": {
      "-0.11160892248153687": {
        "known_acc": 0.0,
        "unknown_acc": 1.0,
        "known_refuse_rate": 1.0,
        "unknown_refuse_rate": 1.0,
        "overall_acc": 0.5
      },
      "0.18416121088225268": {
        "known_acc": 0.0,
        "unknown_acc": 1.0,
        "known_refuse_rate": 1.0,
        "unknown_refuse_rate": 1.0,
        "overall_acc": 0.5
      },
      "0.4799313442460422": {
        "known_acc": 0.0,
        "unknown_acc": 0.9333333333333333,
        "known_refuse_rate": 1.0,
        "unknown_refuse_rate": 0.9333333333333333,
        "overall_acc": 0.4666666666666667
      },
      "0.7757014776098318": {
        "known_acc": 0.0,
        "unknown_acc": 0.9333333333333333,
        "known_refuse_rate": 1.0,
        "unknown_refuse_rate": 0.9333333333333333,
        "overall_acc": 0.4666666666666667
      },
      "1.0714716109736213": {
        "known_acc": 0.0,
        "unknown_acc": 0.9333333333333333,
        "known_refuse_rate": 1.0,
        "unknown_refuse_rate": 0.9333333333333333,
        "overall_acc": 0.4666666666666667
      },
      "1.3672417443374107": {
        "known_acc": 0.0,
        "unknown_acc": 0.9333333333333333,
        "known_refuse_rate": 1.0,
        "unknown_refuse_rate": 0.9333333333333333,
        "overall_acc": 0.4666666666666667
      },
      "1.6630118777012004": {
        "known_acc": 0.0,
        "unknown_acc": 0.9333333333333333,
        "known_refuse_rate": 1.0,
        "unknown_refuse_rate": 0.9333333333333333,
        "overall_acc": 0.4666666666666667
      },
      "1.95878201106499": {
        "known_acc": 0.0,
        "unknown_acc": 0.8666666666666667,
        "known_refuse_rate": 1.0,
        "unknown_refuse_rate": 0.8666666666666667,
        "overall_acc": 0.43333333333333335
      },
      "2.2545521444287795": {
        "known_acc": 0.0,
        "unknown_acc": 0.8,
        "known_refuse_rate": 1.0,
        "unknown_refuse_rate": 0.8,
        "overall_acc": 0.4
      },
      "2.550322277792569": {
        "known_acc": 0.06666666666666667,
        "unknown_acc": 0.8,
        "known_refuse_rate": 0.9333333333333333,
        "unknown_refuse_rate": 0.8,
        "overall_acc": 0.43333333333333335
      },
      "2.8460924111563584": {
        "known_acc": 0.06666666666666667,
        "unknown_acc": 0.8,
        "known_refuse_rate": 0.8666666666666667,
        "unknown_refuse_rate": 0.8,
        "overall_acc": 0.43333333333333335
      },
      "3.1418625445201482": {
        "known_acc": 0.06666666666666667,
        "unknown_acc": 0.8,
        "known_refuse_rate": 0.8,
        "unknown_refuse_rate": 0.8,
        "overall_acc": 0.43333333333333335
      },
      "3.4376326778839377": {
        "known_acc": 0.06666666666666667,
        "unknown_acc": 0.7333333333333333,
        "known_refuse_rate": 0.8,
        "unknown_refuse_rate": 0.7333333333333333,
        "overall_acc": 0.4
      },
      "3.733402811247727": {
        "known_acc": 0.06666666666666667,
        "unknown_acc": 0.6666666666666666,
        "known_refuse_rate": 0.8,
        "unknown_refuse_rate": 0.6,
        "overall_acc": 0.36666666666666664
      },
      "4.029172944611517": {
        "known_acc": 0.13333333333333333,
        "unknown_acc": 0.6,
        "known_refuse_rate": 0.7333333333333333,
        "unknown_refuse_rate": 0.5333333333333333,
        "overall_acc": 0.36666666666666664
      },
      "4.324943077975306": {
        "known_acc": 0.13333333333333333,
        "unknown_acc": 0.6,
        "known_refuse_rate": 0.5333333333333333,
        "unknown_refuse_rate": 0.5333333333333333,
        "overall_acc": 0.36666666666666664
      },
      "4.620713211339096": {
        "known_acc": 0.13333333333333333,
        "unknown_acc": 0.5333333333333333,
        "known_refuse_rate": 0.5333333333333333,
        "unknown_refuse_rate": 0.4666666666666667,
        "overall_acc": 0.3333333333333333
      },
      "4.916483344702885": {
        "known_acc": 0.13333333333333333,
        "unknown_acc": 0.4666666666666667,
        "known_refuse_rate": 0.4666666666666667,
        "unknown_refuse_rate": 0.4,
        "overall_acc": 0.3
      },
      "5.212253478066675": {
        "known_acc": 0.13333333333333333,
        "unknown_acc": 0.4666666666666667,
        "known_refuse_rate": 0.4666666666666667,
        "unknown_refuse_rate": 0.4,
        "overall_acc": 0.3
      },
      "5.508023611430464": {
        "known_acc": 0.2,
        "unknown_acc": 0.4,
        "known_refuse_rate": 0.4,
        "unknown_refuse_rate": 0.3333333333333333,
        "overall_acc": 0.3
      },
      "5.803793744794254": {
        "known_acc": 0.2,
        "unknown_acc": 0.4,
        "known_refuse_rate": 0.3333333333333333,
        "unknown_refuse_rate": 0.3333333333333333,
        "overall_acc": 0.3
      },
      "6.099563878158044": {
        "known_acc": 0.2,
        "unknown_acc": 0.3333333333333333,
        "known_refuse_rate": 0.26666666666666666,
        "unknown_refuse_rate": 0.26666666666666666,
        "overall_acc": 0.26666666666666666
      },
      "6.395334011521833": {
        "known_acc": 0.2,
        "unknown_acc": 0.26666666666666666,
        "known_refuse_rate": 0.2,
        "unknown_refuse_rate": 0.2,
        "overall_acc": 0.23333333333333334
      },
      "6.691104144885623": {
        "known_acc": 0.2,
        "unknown_acc": 0.26666666666666666,
        "known_refuse_rate": 0.0,
        "unknown_refuse_rate": 0.2,
        "overall_acc": 0.23333333333333334
      },