{
  "phase": 110,
  "name": "Cross-Lingual Truth Invariance",
  "model": "Qwen/Qwen2.5-1.5B",
  "results": {
    "English": {
      "output_accuracy": 0.5,
      "mean_rank": 215.75,
      "best_layer": 27,
      "best_relative": 0.9642857142857143,
      "best_layer_accuracy": 0.5,
      "layer_accuracies": {
        "0": 0.0,
        "1": 0.0,
        "2": 0.0,
        "3": 0.0,
        "4": 0.0,
        "5": 0.0,
        "6": 0.0,
        "7": 0.0,
        "8": 0.0,
        "9": 0.0,
        "10": 0.0,
        "11": 0.0,
        "12": 0.0,
        "13": 0.0,
        "14": 0.0,
        "15": 0.0,
        "16": 0.0,
        "17": 0.0,
        "18": 0.0,
        "19": 0.0,
        "20": 0.0,
        "21": 0.0,
        "22": 0.0,
        "23": 0.375,
        "24": 0.375,
        "25": 0.375,
        "26": 0.125,
        "27": 0.5
      }
    },
    "Japanese": {
      "output_accuracy": 0.25,
      "mean_rank": 78.125,
      "best_layer": 27,
      "best_relative": 0.9642857142857143,
      "best_layer_accuracy": 0.25,
      "layer_accuracies": {
        "0": 0.0,
        "1": 0.0,
        "2": 0.0,
        "3": 0.0,
        "4": 0.0,
        "5": 0.0,
        "6": 0.0,
        "7": 0.0,
        "8": 0.0,
        "9": 0.0,
        "10": 0.0,
        "11": 0.0,
        "12": 0.0,
        "13": 0.0,
        "14": 0.0,
        "15": 0.0,
        "16": 0.0,
        "17": 0.0,
        "18": 0.0,
        "19": 0.0,
        "20": 0.0,
        "21": 0.0,
        "22": 0.0,
        "23": 0.0,
        "24": 0.0,
        "25": 0.0,
        "26": 0.125,
        "27": 0.25
      }
    },
    "French": {
      "output_accuracy": 0.0,
      "mean_rank": 1000.75,
      "best_layer": 24,
      "best_relative": 0.8571428571428571,
      "best_layer_accuracy": 0.375,
      "layer_accuracies": {
        "0": 0.0,
        "1": 0.0,
        "2": 0.0,
        "3": 0.0,
        "4": 0.0,
        "5": 0.0,
        "6": 0.0,
        "7": 0.0,
        "8": 0.0,
        "9": 0.0,
        "10": 0.0,
        "11": 0.0,
        "12": 0.0,
        "13": 0.0,
        "14": 0.0,
        "15": 0.0,
        "16": 0.0,
        "17": 0.0,
        "18": 0.0,
        "19": 0.0,
        "20": 0.0,
        "21": 0.0,
        "22": 0.0,
        "23": 0.25,
        "24": 0.375,
        "25": 0.25,
        "26": 0.0,
        "27": 0.0
      }
    }
  },
  "cross_lingual_std": 0.05050762722761057
}