{
  "phase": 83,
  "name": "The Suppression Gradient Map",
  "suppression_grid": [
    [
      -409.0,
      257.0,
      -131.5,
      13.833333333333334,
      217.0,
      -88.0,
      -258.1666666666667,
      -100.0,
      321.3333333333333,
      -126.16666666666667,
      -531.1666666666666,
      -382.6666666666667
    ],
    [
      -429.0,
      565.6666666666666,
      205.83333333333334,
      -275.6666666666667,
      -459.6666666666667,
      247.5,
      -422.8333333333333,
      35.166666666666664,
      250.33333333333334,
      -158.16666666666666,
      -255.0,
      -361.3333333333333
    ],
    [
      -224.66666666666666,
      -1267.8333333333333,
      50.666666666666664,
      -6.5,
      -179.66666666666666,
      19.0,
      -477.1666666666667,
      338.8333333333333,
      180.0,
      -151.33333333333334,
      -362.5,
      -438.6666666666667
    ],
    [
      -260.6666666666667,
      -107.33333333333333,
      -46.166666666666664,
      -84.16666666666667,
      33.5,
      -22.0,
      -5.333333333333333,
      330.0,
      333.0,
      -155.0,
      -491.8333333333333,
      -289.0
    ],
    [
      92.83333333333333,
      411.6666666666667,
      263.5,
      -256.8333333333333,
      -558.8333333333334,
      220.33333333333334,
      -279.5,
      539.1666666666666,
      518.1666666666666,
      -250.16666666666666,
      -469.0,
      93.66666666666667
    ],
    [
      47.0,
      25.0,
      31.166666666666668,
      -48.333333333333336,
      -581.3333333333334,
      -601.5,
      -687.1666666666666,
      407.3333333333333,
      496.6666666666667,
      -325.6666666666667,
      -487.6666666666667,
      61.5
    ],
    [
      -296.5,
      500.0,
      36.0,
      -220.16666666666666,
      -461.8333333333333,
      -203.66666666666666,
      -52.333333333333336,
      188.83333333333334,
      541.5,
      -199.5,
      -594.1666666666666,
      -3.1666666666666665
    ],
    [
      -180.66666666666666,
      96.33333333333333,
      -100.0,
      -324.1666666666667,
      -504.8333333333333,
      -686.3333333333334,
      -443.3333333333333,
      457.6666666666667,
      657.5,
      -176.33333333333334,
      -793.3333333333334,
      327.8333333333333
    ],
    [
      -68.0,
      345.6666666666667,
      -364.5,
      -317.3333333333333,
      -391.5,
      -551.8333333333334,
      761.5,
      617.6666666666666,
      530.3333333333334,
      -116.5,
      -803.5,
      551.3333333333334
    ],
    [
      44.166666666666664,
      423.3333333333333,
      38.666666666666664,
      -204.0,
      -434.3333333333333,
      -768.5,
      926.6666666666666,
      821.8333333333334,
      465.6666666666667,
      -383.3333333333333,
      -731.0,
      407.0
    ],
    [
      -273.8333333333333,
      263.5,
      127.33333333333333,
      -153.5,
      -736.6666666666666,
      -455.8333333333333,
      573.6666666666666,
      885.5,
      366.5,
      -336.1666666666667,
      -607.0,
      296.8333333333333
    ],
    [
      -926.1666666666666,
      161.0,
      -241.16666666666666,
      -27.666666666666668,
      -92.83333333333333,
      -311.3333333333333,
      136.83333333333334,
      816.3333333333334,
      265.3333333333333,
      -438.5,
      -633.6666666666666,
      445.1666666666667
    ]
  ],
  "top_suppressors": [
    [
      926.6666666666666,
      9,
      6
    ],
    [
      885.5,
      10,
      7
    ],
    [
      821.8333333333334,
      9,
      7
    ],
    [
      816.3333333333334,
      11,
      7
    ],
    [
      761.5,
      8,
      6
    ],
    [
      657.5,
      7,
      8
    ],
    [
      617.6666666666666,
      8,
      7
    ],
    [
      573.6666666666666,
      10,
      6
    ],
    [
      565.6666666666666,
      1,
      1
    ],
    [
      551.3333333333334,
      8,
      11
    ]
  ],
  "top_helpers": [
    [
      -633.6666666666666,
      11,
      10
    ],
    [
      -686.3333333333334,
      7,
      5
    ],
    [
      -687.1666666666666,
      5,
      6
    ],
    [
      -731.0,
      9,
      10
    ],
    [
      -736.6666666666666,
      10,
      4
    ],
    [
      -768.5,
      9,
      5
    ],
    [
      -793.3333333333334,
      7,
      10
    ],
    [
      -803.5,
      8,
      10
    ],
    [
      -926.1666666666666,
      11,
      0
    ],
    [
      -1267.8333333333333,
      2,
      1
    ]
  ],
  "layer_totals": [
    -1217.5,
    -1057.1666666666665,
    -2519.833333333333,
    -765.0,
    325.00000000000006,
    -1663.0000000000002,
    -764.9999999999999,
    -1669.6666666666667,
    193.33333333333337,
    606.1666666666667,
    -49.666666666666856,
    -846.6666666666663
  ],
  "peak_suppression_layer": 9
}