{
  "phase": 108,
  "name": "The MLP Autopsy",
  "base_norms": [
    4.748804903030395,
    3.153623867034912,
    3.131971836090088,
    3.828313422203064,
    4.763852310180664,
    6.113236284255981,
    5.405105018615723,
    5.958199453353882,
    5.356172752380371,
    5.282369470596313,
    5.403794860839843,
    5.935556125640869,
    5.7161039352417,
    6.6814218044281,
    6.126045751571655,
    8.677082633972168,
    10.549265575408935,
    9.48880968093872,
    11.201206493377686,
    12.529121112823486,
    22.024771690368652,
    27.846382904052735,
    28.24711666107178,
    66.05943984985352
  ],
  "instruct_norms": [
    4.437576055526733,
    3.0239792585372927,
    2.9978574991226195,
    3.6902861833572387,
    4.605123519897461,
    5.876621961593628,
    5.1837187767028805,
    5.738837814331054,
    5.193517351150513,
    5.099511957168579,
    5.274669504165649,
    5.739155578613281,
    5.633327770233154,
    6.170342922210693,
    5.671020984649658,
    8.250024557113647,
    10.146208381652832,
    8.64075059890747,
    10.6707257270813,
    11.796230220794678,
    20.773374176025392,
    26.525430107116698,
    25.713611221313478,
    61.51204147338867
  ],
  "delta": [
    -0.31122884750366175,
    -0.12964460849761927,
    -0.13411433696746844,
    -0.13802723884582546,
    -0.1587287902832033,
    -0.23661432266235316,
    -0.2213862419128425,
    -0.21936163902282768,
    -0.16265540122985822,
    -0.18285751342773438,
    -0.12912535667419434,
    -0.19640054702758825,
    -0.08277616500854545,
    -0.511078882217407,
    -0.4550247669219969,
    -0.42705807685852015,
    -0.40305719375610316,
    -0.8480590820312504,
    -0.5304807662963871,
    -0.7328908920288075,
    -1.2513975143432603,
    -1.3209527969360373,
    -2.533505439758301,
    -4.547398376464848
  ],
  "front_delta": -0.1850120703379314,
  "back_delta": -1.136973329385122,
  "mlpolice_layers": [
    12,
    10,
    1,
    2,
    3
  ]
}