{
  "phase": "198",
  "name": "The Operand Register",
  "results": {
    "10": {
      "operand_A": 0.8,
      "operand_B": 1.0,
      "sum": 0.0
    },
    "12": {
      "operand_A": 0.9666666666666667,
      "operand_B": 0.9666666666666667,
      "sum": 0.0
    },
    "14": {
      "operand_A": 0.9666666666666667,
      "operand_B": 0.9333333333333333,
      "sum": 0.0
    },
    "15": {
      "operand_A": 0.9666666666666667,
      "operand_B": 0.9666666666666667,
      "sum": 0.0
    },
    "18": {
      "operand_A": 0.9,
      "operand_B": 0.43333333333333335,
      "sum": 0.16666666666666666
    },
    "20": {
      "operand_A": 0.8666666666666667,
      "operand_B": 0.36666666666666664,
      "sum": 0.5
    },
    "22": {
      "operand_A": 0.8666666666666667,
      "operand_B": 0.4666666666666667,
      "sum": 0.5333333333333333
    }
  }
}