{
  "phase": "207",
  "name": "Register Persistence",
  "results": {
    "token1": {
      "0": {
        "A": 0.07692307692307693,
        "B": 0.0,
        "ones": 0.0
      },
      "4": {
        "A": 0.38461538461538464,
        "B": 0.6153846153846154,
        "ones": 0.0
      },
      "8": {
        "A": 0.3076923076923077,
        "B": 1.0,
        "ones": 0.0
      },
      "12": {
        "A": 0.7692307692307693,
        "B": 0.6153846153846154,
        "ones": 0.0
      },
      "15": {
        "A": 1.0,
        "B": 0.8461538461538461,
        "ones": 0.0
      },
      "18": {
        "A": 0.7692307692307693,
        "B": 0.07692307692307693,
        "ones": 0.3076923076923077
      },
      "20": {
        "A": 0.6923076923076923,
        "B": 0.15384615384615385,
        "ones": 0.5384615384615384
      },
      "22": {
        "A": 0.8461538461538461,
        "B": 0.15384615384615385,
        "ones": 0.6153846153846154
      }
    },
    "token2": {
      "0": {
        "A": 0.23076923076923078,
        "B": 0.0,
        "ones": 0.07692307692307693
      },
      "4": {
        "A": 0.07692307692307693,
        "B": 0.8461538461538461,
        "ones": 0.0
      },
      "8": {
        "A": 0.46153846153846156,
        "B": 0.8461538461538461,
        "ones": 0.0
      },
      "12": {
        "A": 0.6923076923076923,
        "B": 0.8461538461538461,
        "ones": 0.0
      },
      "15": {
        "A": 0.6923076923076923,
        "B": 0.7692307692307693,
        "ones": 0.0
      },
      "18": {
        "A": 0.6923076923076923,
        "B": 0.07692307692307693,
        "ones": 0.7692307692307693
      },
      "20": {
        "A": 0.38461538461538464,
        "B": 0.0,
        "ones": 0.9230769230769231
      },
      "22": {
        "A": 0.15384615384615385,
        "B": 0.0,
        "ones": 0.9230769230769231
      }
    }
  }
}