{
  "phase": "152",
  "name": "Quantization Artifact Test",
  "configs": {
    "A_fp16": {
      "word": 1.0,
      "num": 1.0,
      "pre_norm": 0.9916399121284485,
      "post_norm": 2.603184461593628,
      "l2": 3.563654661178589,
      "cos": 0.18939168751239777,
      "strength": 2.0,
      "fga_gain": 20
    },
    "B_8bit": {
      "word": 1.0,
      "num": 1.0,
      "pre_norm": 0.9916399121284485,
      "post_norm": 2.603184461593628,
      "l2": 3.563654661178589,
      "cos": 0.18939168751239777,
      "strength": 2.0,
      "fga_gain": 20
    },
    "C_4bit": {
      "word": 1.0,
      "num": 1.0,
      "pre_norm": 0.9916399121284485,
      "post_norm": 2.603184461593628,
      "l2": 3.563654661178589,
      "cos": 0.18939168751239777,
      "strength": 2.0,
      "fga_gain": 20
    },
    "D_4bit_s5": {
      "word": 0.25,
      "num": 1.0,
      "pre_norm": 0.9916399121284485,
      "post_norm": 5.497374057769775,
      "l2": 7.860423564910889,
      "cos": 0.09585244208574295,
      "strength": 5.0,
      "fga_gain": 20
    },
    "E_4bit_g50": {
      "word": 1.0,
      "num": 1.0,
      "pre_norm": 0.9916399121284485,
      "post_norm": 2.603184461593628,
      "l2": 3.563654661178589,
      "cos": 0.18939168751239777,
      "strength": 2.0,
      "fga_gain": 50
    }
  }
}