{
  "phase": 111,
  "name": "The Aletheia Decoder",
  "model": "Qwen/Qwen2.5-0.5B",
  "n_layers": 24,
  "results": {
    "baseline": {
      "accuracy": 0.6666666666666666,
      "mean_rank": 98.53333333333333
    },
    "noise_0.01": {
      "accuracy": 0.6666666666666666,
      "mean_rank": 99.8,
      "noise_scale": 0.01,
      "target_layers": [
        20,
        21,
        22,
        23
      ]
    },
    "noise_0.05": {
      "accuracy": 0.6666666666666666,
      "mean_rank": 98.46666666666667,
      "noise_scale": 0.05,
      "target_layers": [
        20,
        21,
        22,
        23
      ]
    },
    "noise_0.1": {
      "accuracy": 0.6,
      "mean_rank": 102.2,
      "noise_scale": 0.1,
      "target_layers": [
        20,
        21,
        22,
        23
      ]
    },
    "noise_0.5": {
      "accuracy": 0.3333333333333333,
      "mean_rank": 164.86666666666667,
      "noise_scale": 0.5,
      "target_layers": [
        20,
        21,
        22,
        23
      ]
    },
    "noise_1.0": {
      "accuracy": 0.06666666666666667,
      "mean_rank": 200.6,
      "noise_scale": 1.0,
      "target_layers": [
        20,
        21,
        22,
        23
      ]
    },
    "mlp_scale_0.5": {
      "accuracy": 0.26666666666666666,
      "mean_rank": 53.13333333333333,
      "scale_factor": 0.5
    },
    "mlp_scale_0.3": {
      "accuracy": 0.06666666666666667,
      "mean_rank": 34.4,
      "scale_factor": 0.3
    },
    "mlp_scale_0.1": {
      "accuracy": 0.0,
      "mean_rank": 28.333333333333332,
      "scale_factor": 0.1
    },
    "mlp_scale_0.0": {
      "accuracy": 0.0,
      "mean_rank": 57.6,
      "scale_factor": 0.0
    }
  }
}