{
  "phase": 37,
  "name": "Latent Entropy Gradient Descent",
  "step_analysis": {
    "5": {
      "changed": 0,
      "improved": 0,
      "degraded": 0,
      "mean_ent_reduction": -4.785161746362253
    },
    "10": {
      "changed": 0,
      "improved": 0,
      "degraded": 0,
      "mean_ent_reduction": -4.772447598794504
    },
    "20": {
      "changed": 0,
      "improved": 0,
      "degraded": 0,
      "mean_ent_reduction": -4.755972219327494
    },
    "50": {
      "changed": 0,
      "improved": 0,
      "degraded": 0,
      "mean_ent_reduction": -4.73915143094401
    }
  },
  "per_case": [
    {
      "baseline_token": "the",
      "baseline_id": 262,
      "optimized_token": "the",
      "optimized_id": 262,
      "baseline_entropy": 0.8397921477372721,
      "final_entropy": 5.615800857543945,
      "entropy_reduction": -4.776008709806673,
      "entropy_trace": [
        0.8397921477372721,
        5.652623176574707,
        5.64946985244751,
        5.646503925323486,
        5.643707275390625,
        5.641075134277344,
        5.638582229614258,
        5.63624382019043,
        5.634035110473633,
        5.631975173950195,
        5.630019187927246,
        5.628188610076904,
        5.6264519691467285,
        5.624820232391357,
        5.623295783996582,
        5.621845722198486,
        5.620491981506348,
        5.619204998016357,
        5.618008613586426,
        5.616873741149902,
        5.615800857543945
      ],
      "token_changed": false,
      "prompt": "The capital of Japan is",
      "expected": "Tokyo",
      "n_steps": 20,
      "baseline_correct": false,
      "optimized_correct": false
    },
    {
      "baseline_token": "the",
      "baseline_id": 262,
      "optimized_token": "the",
      "optimized_id": 262,
      "baseline_entropy": 0.8231911155730308,
      "final_entropy": 5.966461181640625,
      "entropy_reduction": -5.143270066067594,
      "entropy_trace": [
        0.8231911155730308,
        5.99842643737793,
        5.995669364929199,
        5.993078231811523,
        5.990639686584473,
        5.988345146179199,
        5.986191272735596,
        5.984159469604492,
        5.982252597808838,
        5.98044490814209,
        5.978754997253418,
        5.977161884307861,
        5.975658416748047,
        5.974247932434082,
        5.972935199737549,
        5.971673965454102,
        5.970500946044922,
        5.969399452209473,
        5.968358039855957,
        5.967377662658691,
        5.966461181640625
      ],
      "token_changed": false,
      "prompt": "The capital of France is",
      "expected": "Paris",
      "n_steps": 20,
      "baseline_correct": false,
      "optimized_correct": false
    },
    {
      "baseline_token": "the",
      "baseline_id": 262,
      "optimized_token": "the",
      "optimized_id": 262,
      "baseline_entropy": 0.5311648590322875,
      "final_entropy": 5.674921989440918,
      "entropy_reduction": -5.1437571304086305,
      "entropy_trace": [
        0.5311648590322875,
        5.700780868530273,
        5.698550224304199,
        5.696448802947998,
        5.694495677947998,
        5.692634582519531,
        5.690886497497559,
        5.689243316650391,
        5.687697410583496,
        5.686250686645508,
        5.684872627258301,
        5.683581829071045,
        5.682372093200684,
        5.681238174438477,
        5.680159568786621,
        5.6791534423828125,
        5.678191184997559,
        5.6772990226745605,
        5.676458835601807,
        5.675665855407715,
        5.674921989440918
      ],
      "token_changed": false,
      "prompt": "Water freezes at",
      "expected": "0",
      "n_steps": 20,
      "baseline_correct": false,
      "optimized_correct": false
    },
    {
      "baseline_token": "the",
      "baseline_id": 262,
      "optimized_token": "the",
      "optimized_id": 262,
      "baseline_entropy": 0.7088173121673107,
      "final_entropy": 5.722813606262207,
      "entropy_reduction": -5.0139962940948966,
      "entropy_trace": [
        0.7088173121673107,
        5.74403190612793,
        5.742203712463379,
        5.740488529205322,
        5.738868713378906,
        5.73734712600708,
        5.735914707183838,
        5.734566688537598,
        5.733297824859619,
        5.732109069824219,
        5.730977535247803,
        5.729923725128174,
        5.728923320770264,
        5.727985858917236,
        5.727115631103516,
        5.726278781890869,
        5.725493907928467,
        5.724764823913574,
        5.724071502685547,
        5.723422527313232,
        5.722813606262207
      ],
      "token_changed": false,
      "prompt": "The largest planet is",
      "expected": "Jupiter",
      "n_steps": 20,
      "baseline_correct": false,
      "optimized_correct": false
    },
    {
      "baseline_token": "\"",
      "baseline_id": 366,
      "optimized_token": "\"",
      "optimized_id": 366,
      "baseline_entropy": 0.519108319098551,
      "final_entropy": 6.2997541427612305,
      "entropy_reduction": -5.780645823662679,
      "entropy_trace": [
        0.519108319098551,
        6.396364688873291,
        6.388261795043945,
        6.380604267120361,
        6.373379230499268,
        6.366550445556641,
        6.3600873947143555,
        6.353995323181152,
        6.348232746124268,
        6.342792987823486,
        6.3376593589782715,
        6.332814693450928,
        6.3282365798950195,
        6.323910713195801,
        6.319828987121582,
        6.315986633300781,
        6.312351226806641,
        6.308926105499268,
        6.305695533752441,
        6.302633285522461,
        6.2997541427612305
      ],
      "token_changed": false,
      "prompt": "DNA stands for",
      "expected": "de",
      "n_steps": 20,
      "baseline_correct": false,
      "optimized_correct": false
    },
    {
      "baseline_token": "the",
      "baseline_id": 262,
      "optimized_token": "the",
      "optimized_id": 262,
      "baseline_entropy": 0.9714447788240079,
      "final_entropy": 5.508330345153809,
      "entropy_reduction": -4.536885566329801,
      "entropy_trace": [
        0.9714447788240079,
        5.596725940704346,
        5.5892767906188965,
        5.582228183746338,
        5.575580596923828,
        5.569308280944824,
        5.563380241394043,
        5.557786464691162,
        5.552515029907227,
        5.547549247741699,
        5.542840480804443,
        5.538408279418945,
        5.534238815307617,
        5.53029727935791,
        5.526572227478027,
        5.523062229156494,
        5.519792556762695,
        5.516655921936035,
        5.5137248039245605,
        5.510939121246338,
        5.508330345153809
      ],
      "token_changed": false,
      "prompt": "The chemical symbol for gold is",
      "expected": "Au",
      "n_steps": 20,
      "baseline_correct": false,
      "optimized_correct": false
    },
    {
      "baseline_token": ":",
      "baseline_id": 25,
      "optimized_token": ":",
      "optimized_id": 25,
      "baseline_entropy": 0.49323580892405516,
      "final_entropy": 4.062602996826172,
      "entropy_reduction": -3.5693671879021167,
      "entropy_trace": [
        0.49323580892405516,
        4.082895278930664,
        4.081131935119629,
        4.079470634460449,
        4.077913284301758,
        4.076447010040283,
        4.0750732421875,
        4.073777198791504,
        4.072563648223877,
        4.0714216232299805,
        4.070343494415283,
        4.0693440437316895,
        4.068393230438232,
        4.067505359649658,
        4.066671371459961,
        4.065881729125977,
        4.065138816833496,
        4.064443111419678,
        4.063796520233154,
        4.063179969787598,
        4.062602996826172
      ],
      "token_changed": false,
      "prompt": "Shakespeare wrote",
      "expected": "Hamlet",
      "n_steps": 20,
      "baseline_correct": false,
      "optimized_correct": false
    },
    {
      "baseline_token": "1",