{
  "phase": "184",
  "name": "Aletheia Engine v3",
  "configs": {
    "t3_g5": {
      "threshold": 3.0,
      "gain": 5,
      "fact": 0.5,
      "arith": 0.3333333333333333,
      "abstain": 0.8333333333333334,
      "overall": 0.55
    },
    "t3_g10": {
      "threshold": 3.0,
      "gain": 10,
      "fact": 0.5,
      "arith": 0.3333333333333333,
      "abstain": 0.8333333333333334,
      "overall": 0.55
    },
    "t4_g5": {
      "threshold": 4.0,
      "gain": 5,
      "fact": 0.625,
      "arith": 0.3333333333333333,
      "abstain": 0.8333333333333334,
      "overall": 0.6
    },
    "t4_g10": {
      "threshold": 4.0,
      "gain": 10,
      "fact": 0.625,
      "arith": 0.3333333333333333,
      "abstain": 0.8333333333333334,
      "overall": 0.6
    },
    "t5_g5": {
      "threshold": 5.0,
      "gain": 5,
      "fact": 0.625,
      "arith": 0.3333333333333333,
      "abstain": 0.5,
      "overall": 0.5
    },
    "t5_g10": {
      "threshold": 5.0,
      "gain": 10,
      "fact": 0.625,
      "arith": 0.3333333333333333,
      "abstain": 0.5,
      "overall": 0.5
    },
    "t6_g5": {
      "threshold": 6.0,
      "gain": 5,
      "fact": 0.625,
      "arith": 0.3333333333333333,
      "abstain": 0.16666666666666666,
      "overall": 0.4
    },
    "t6_g10": {
      "threshold": 6.0,
      "gain": 10,
      "fact": 0.625,
      "arith": 0.3333333333333333,
      "abstain": 0.16666666666666666,
      "overall": 0.4
    },
    "t7_g5": {
      "threshold": 7.0,
      "gain": 5,
      "fact": 0.625,
      "arith": 0.3333333333333333,
      "abstain": 0.0,
      "overall": 0.35
    },
    "t7_g10": {
      "threshold": 7.0,
      "gain": 10,
      "fact": 0.625,
      "arith": 0.3333333333333333,
      "abstain": 0.0,
      "overall": 0.35
    },
    "t8_g5": {
      "threshold": 8.0,
      "gain": 5,
      "fact": 0.625,
      "arith": 0.3333333333333333,
      "abstain": 0.0,
      "overall": 0.35
    },
    "t8_g10": {
      "threshold": 8.0,
      "gain": 10,
      "fact": 0.625,
      "arith": 0.3333333333333333,
      "abstain": 0.0,
      "overall": 0.35
    },
    "t10_g5": {
      "threshold": 10.0,
      "gain": 5,
      "fact": 0.625,
      "arith": 0.3333333333333333,
      "abstain": 0.0,
      "overall": 0.35
    },
    "t10_g10": {
      "threshold": 10.0,
      "gain": 10,
      "fact": 0.625,
      "arith": 0.3333333333333333,
      "abstain": 0.0,
      "overall": 0.35
    },
    "t12_g5": {
      "threshold": 12.0,
      "gain": 5,
      "fact": 0.625,
      "arith": 0.3333333333333333,
      "abstain": 0.0,
      "overall": 0.35
    },
    "t12_g10": {
      "threshold": 12.0,
      "gain": 10,
      "fact": 0.625,
      "arith": 0.3333333333333333,
      "abstain": 0.0,
      "overall": 0.35
    }
  },
  "best": "t4_g5",
  "v1_overall": 0.6,
  "v3_overall": 0.6,
  "entropies": {
    "known": [
      1.9622431993484497,
      1.8726755380630493,
      1.1997547149658203,
      3.625309944152832,
      1.4249420166015625,
      3.560405969619751,
      3.062350034713745,
      1.8488892316818237,
      0.8264371156692505,
      0.8822413682937622,
      0.7801764607429504,
      1.0526043176651,
      0.6366739869117737,
      0.56754469871521
    ],
    "unknown": [
      6.3596391677856445,
      2.7702136039733887,
      5.536240577697754,
      4.1107354164123535,
      5.863717079162598,
      4.370046138763428
    ]
  }
}