{
  "phase": "160",
  "name": "Semantic Category Map",
  "results": [
    {
      "name": "0.5B",
      "d": 896,
      "digits": {
        "lm_cos": 0.7300692200660706,
        "embed_cos": 0.7300692200660706,
        "l2": 0.36993327736854553
      },
      "countries": {
        "lm_cos": 0.4037748873233795,
        "embed_cos": 0.4037748873233795,
        "l2": 0.4261350929737091
      },
      "capitals": {
        "lm_cos": 0.2460983544588089,
        "embed_cos": 0.2460983544588089,
        "l2": 0.5030117630958557
      },
      "colors": {
        "lm_cos": 0.364639550447464,
        "embed_cos": 0.364639550447464,
        "l2": 0.4722164273262024
      },
      "animals": {
        "lm_cos": 0.19151221215724945,
        "embed_cos": 0.19151221215724945,
        "l2": 0.5205508470535278
      },
      "elements": {
        "lm_cos": 0.1935388147830963,
        "embed_cos": 0.1935388147830963,
        "l2": 0.5238646864891052
      },
      "planets": {
        "lm_cos": 0.23973919451236725,
        "embed_cos": 0.23973919451236725,
        "l2": 0.5383011698722839
      },
      "months": {
        "lm_cos": 0.6388552188873291,
        "embed_cos": 0.6388552188873291,
        "l2": 0.32399725914001465
      }
    },
    {
      "name": "1.5B",
      "d": 1536,
      "digits": {
        "lm_cos": 0.7510966062545776,
        "embed_cos": 0.7510966062545776,
        "l2": 0.7006029486656189
      },
      "countries": {
        "lm_cos": 0.3878557085990906,
        "embed_cos": 0.3878557085990906,
        "l2": 1.028470516204834
      },
      "capitals": {
        "lm_cos": 0.2531817555427551,
        "embed_cos": 0.2531817555427551,
        "l2": 1.180859923362732
      },
      "colors": {
        "lm_cos": 0.3359852731227875,
        "embed_cos": 0.3359852731227875,
        "l2": 1.1234538555145264
      },
      "animals": {
        "lm_cos": 0.17075426876544952,
        "embed_cos": 0.17075426876544952,
        "l2": 1.25677490234375
      },
      "elements": {
        "lm_cos": 0.18804068863391876,
        "embed_cos": 0.18804068863391876,
        "l2": 1.227868676185608
      },
      "planets": {
        "lm_cos": 0.23035785555839539,
        "embed_cos": 0.23035785555839539,
        "l2": 1.2442127466201782
      },
      "months": {
        "lm_cos": 0.5860684514045715,
        "embed_cos": 0.5860684514045715,
        "l2": 0.8144760131835938
      }
    },
    {
      "name": "14B",
      "d": 5120,
      "digits": {
        "lm_cos": 0.7427082061767578,
        "embed_cos": 0.18035300076007843,
        "l2": 0.6993411779403687
      },
      "countries": {
        "lm_cos": 0.2594090700149536,
        "embed_cos": 0.15273292362689972,
        "l2": 1.29649019241333
      },
      "capitals": {
        "lm_cos": 0.15321089327335358,
        "embed_cos": 0.07808142900466919,
        "l2": 1.5216156244277954
      },
      "colors": {
        "lm_cos": 0.22342541813850403,
        "embed_cos": 0.13023285567760468,
        "l2": 1.4485317468643188
      },
      "animals": {
        "lm_cos": 0.09442015737295151,
        "embed_cos": 0.08140040934085846,
        "l2": 1.6323286294937134
      },
      "elements": {
        "lm_cos": 0.08473681658506393,
        "embed_cos": 0.09325508773326874,
        "l2": 1.605838418006897
      },
      "planets": {
        "lm_cos": 0.14509020745754242,
        "embed_cos": 0.09940401464700699,
        "l2": 1.58864164352417
      },
      "months": {
        "lm_cos": 0.4583739638328552,
        "embed_cos": 0.3280993700027466,
        "l2": 1.0306947231292725
      }
    }
  ]
}