{
  "phase": 7,
  "name": "Hallucination Phase Diagram",
  "temperatures": [
    0.1,
    0.3,
    0.5,
    0.7,
    1.0,
    1.5,
    2.0,
    3.0
  ],
  "spike_magnitudes": [
    0,
    1,
    2,
    3,
    5,
    7,
    10,
    15,
    20,
    30,
    50
  ],
  "accuracy_grid": [
    [
      0.0,
      0.4,
      0.6,
      0.6,
      0.8,
      1.0,
      1.0,
      1.0,
      1.0,
      1.0,
      1.0
    ],
    [
      0.0,
      0.4,
      0.6,
      0.6,
      0.8,
      1.0,
      1.0,
      1.0,
      1.0,
      1.0,
      1.0
    ],
    [
      0.0,
      0.4,
      0.6,
      0.6,
      0.8,
      1.0,
      1.0,
      1.0,
      1.0,
      1.0,
      1.0
    ],
    [
      0.0,
      0.4,
      0.6,
      0.6,
      0.8,
      1.0,
      1.0,
      1.0,
      1.0,
      1.0,
      1.0
    ],
    [
      0.0,
      0.4,
      0.6,
      0.6,
      0.8,
      1.0,
      1.0,
      1.0,
      1.0,
      1.0,
      1.0
    ],
    [
      0.0,
      0.4,
      0.6,
      0.6,
      0.8,
      1.0,
      1.0,
      1.0,
      1.0,
      1.0,
      1.0
    ],
    [
      0.0,
      0.4,
      0.6,
      0.6,
      0.8,
      1.0,
      1.0,
      1.0,
      1.0,
      1.0,
      1.0
    ],
    [
      0.0,
      0.4,
      0.6,
      0.6,
      0.8,
      1.0,
      1.0,
      1.0,
      1.0,
      1.0,
      1.0
    ]
  ],
  "entropy_grid": [
    [
      0.39069110453128814,
      0.4453784188255668,
      0.3831969008258511,
      0.31269986634306524,
      0.0858510861822424,
      9.063588368098108e-06,
      1.6656884709866742e-18,
      3.212541189194002e-40,
      0.0,
      0.0,
      0.0
    ],
    [
      1.2525634527206422,
      1.1126828908920288,
      0.7923518650233745,
      0.554152357717976,
      0.20528704171574647,
      0.025056526210913078,
      3.2378203441874897e-06,
      3.299617219957596e-13,
      1.9084428925255707e-20,
      6.370869085239636e-35,
      0.0
    ],
    [
      2.162483739852905,
      2.003532361984253,
      1.541068172454834,
      1.0585611835122108,
      0.39547965200617907,
      0.1150481587581453,
      0.0007868645133214614,
      6.733370443139791e-08,
      4.371513012826423e-12,
      9.094787326274529e-21,
      3.863393682946379e-38
    ],
    [
      3.462757873535156,
      3.302534484863281,
      2.841944694519043,
      2.1826855897903443,
      1.021103745698929,
      0.3307189607992768,
      0.011416452078265138,
      1.6257835056876502e-05,
      1.7612353726825793e-08,
      1.380615766988953e-14,
      5.390964948619327e-27
    ],
    [
      5.979475021362305,
      5.872652149200439,
      5.584191608428955,
      5.011969661712646,
      3.3022792816162108,
      1.686467358469963,
      0.2438850112259388,
      0.00265892090392299,
      2.3876492105046054e-05,
      1.4452781568752294e-09,
      3.0851133828781263e-18
    ],
    [
      8.530818939208984,
      8.507944679260254,
      8.457634544372558,
      8.352076721191406,
      7.769559001922607,
      6.35259370803833,
      3.392414355278015,
      0.39551396369934083,
      0.01925875712186098,
      3.478443004496512e-05,
      6.892140642922317e-11
    ],
    [
      9.532009887695313,
      9.526702308654786,
      9.516873359680176,
      9.498977661132812,
      9.41063289642334,
      9.15272388458252,
      7.9538017272949215,
      3.6118441104888914,
      0.6840837359428406,
      0.007109464565292001,
      4.715112510211839e-07
    ],
    [
      10.23509349822998,
      10.234398651123048,
      10.233323860168458,
      10.231680488586425,
      10.225429344177247,
      10.211437225341797,
      10.154277038574218,
      9.715457153320312,
      7.874629974365234,
      1.4742828249931335,
      0.003395468252710998
    ]
  ],
  "critical_line": [
    [
      0.1,
      7
    ],
    [
      0.3,
      7
    ],
    [
      0.5,
      7
    ],
    [
      0.7,
      7
    ],
    [
      1.0,
      7
    ],
    [
      1.5,
      7
    ],
    [
      2.0,
      7
    ],
    [
      3.0,
      7
    ]
  ],
  "critical_exponent_gamma": -1.5068143869815246e-16
}