{
  "phase": "192",
  "name": "Code-Booted Abacus",
  "results": {
    "natural": {
      "10": {
        "carry": 0.8333333333333334,
        "ones": 0.0,
        "sum": 0.0
      },
      "14": {
        "carry": 0.8,
        "ones": 0.0,
        "sum": 0.0
      },
      "15": {
        "carry": 0.8333333333333334,
        "ones": 0.0,
        "sum": 0.0
      },
      "18": {
        "carry": 0.8333333333333334,
        "ones": 0.0,
        "sum": 0.0
      },
      "20": {
        "carry": 0.8,
        "ones": 0.0,
        "sum": 0.0
      },
      "22": {
        "carry": 0.8,
        "ones": 0.0,
        "sum": 0.0
      }
    },
    "hash": {
      "10": {
        "carry": 0.8666666666666667,
        "ones": 0.0,
        "sum": 0.0
      },
      "14": {
        "carry": 0.9,
        "ones": 0.0,
        "sum": 0.0
      },
      "15": {
        "carry": 0.9,
        "ones": 0.0,
        "sum": 0.0
      },
      "18": {
        "carry": 0.9333333333333333,
        "ones": 0.0,
        "sum": 0.03333333333333333
      },
      "20": {
        "carry": 1.0,
        "ones": 0.16666666666666666,
        "sum": 0.2
      },
      "22": {
        "carry": 1.0,
        "ones": 0.16666666666666666,
        "sum": 0.13333333333333333
      }
    },
    "def": {
      "10": {
        "carry": 0.8333333333333334,
        "ones": 0.0,
        "sum": 0.0
      },
      "14": {
        "carry": 0.8666666666666667,
        "ones": 0.0,
        "sum": 0.0
      },
      "15": {
        "carry": 0.8666666666666667,
        "ones": 0.0,
        "sum": 0.0
      },
      "18": {
        "carry": 1.0,
        "ones": 0.13333333333333333,
        "sum": 0.16666666666666666
      },
      "20": {
        "carry": 1.0,
        "ones": 0.5666666666666667,
        "sum": 0.5
      },
      "22": {
        "carry": 1.0,
        "ones": 0.5,
        "sum": 0.5333333333333333
      }
    }
  }
}