{
  "phase": "130",
  "name": "Knowledge/Skill LoRA Decoupling",
  "baseline": {
    "train": {
      "word_correct": 4,
      "word_total": 5,
      "num_correct": 0,
      "num_total": 4,
      "total_acc": 0.4444444444444444,
      "word_acc": 0.8,
      "num_acc": 0.0
    },
    "test": {
      "word_correct": 0,
      "word_total": 2,
      "num_correct": 0,
      "num_total": 3,
      "total_acc": 0.0,
      "word_acc": 0.0,
      "num_acc": 0.0
    }
  },
  "knowledge_lora": {
    "train": {
      "word_correct": 5,
      "word_total": 5,
      "num_correct": 0,
      "num_total": 4,
      "total_acc": 0.5555555555555556,
      "word_acc": 1.0,
      "num_acc": 0.0
    },
    "test": {
      "word_correct": 0,
      "word_total": 2,
      "num_correct": 0,
      "num_total": 3,
      "total_acc": 0.0,
      "word_acc": 0.0,
      "num_acc": 0.0
    },
    "final_loss": 0.00021233025634299137,
    "losses": [
      0.9263498882452647,
      0.17319673610230288,
      0.07300947909243405,
      0.033537673595775336,
      0.013371235949711667,
      0.005573770930317955,
      0.0023757073957110858,
      0.0011024018426218794,
      0.0007222875202488569,
      0.0005733576884570842,
      0.0004903494749063005,
      0.00043039077799120505,
      0.0003850820996578679,
      0.0003477007121546194,
      0.00031643397960579023,
      0.00028970705655713874,
      0.0002665439638399726,
      0.0002462797193503421,
      0.00022834857089845982,
      0.00021233025634299137
    ],
    "n_params": 921600
  },
  "skill_lora": {
    "train": {
      "word_correct": 5,
      "word_total": 5,
      "num_correct": 0,
      "num_total": 4,
      "total_acc": 0.5555555555555556,
      "word_acc": 1.0,
      "num_acc": 0.0
    },
    "test": {
      "word_correct": 1,
      "word_total": 2,
      "num_correct": 0,
      "num_total": 3,
      "total_acc": 0.2,
      "word_acc": 0.5,
      "num_acc": 0.0
    },
    "final_loss": 0.18758387863636017,
    "losses": [
      1.2404803136984508,
      1.225274983379576,
      1.200648124019305,
      1.1644710037443373,
      1.1175390597846773,
      1.0615097201532788,
      0.9984113540914323,
      0.93027197321256,
      0.8589335216416253,
      0.7859337892797258,
      0.7126655826965967,
      0.6402105556594001,
      0.5694056351979574,
      0.5009542223480012,
      0.43578527122735977,
      0.37528690695762634,
      0.3201860338449478,
      0.27042145944303936,
      0.22617469314071867,
      0.18758387863636017
    ],
    "n_params": 61440
  },
  "combined_lora": {
    "train": {
      "word_correct": 5,
      "word_total": 5,
      "num_correct": 0,
      "num_total": 4,
      "total_acc": 0.5555555555555556,
      "word_acc": 1.0,
      "num_acc": 0.0
    },
    "test": {
      "word_correct": 0,
      "word_total": 2,
      "num_correct": 0,
      "num_total": 3,
      "total_acc": 0.0,
      "word_acc": 0.0,
      "num_acc": 0.0
    },
    "final_loss": 0.00019700031326566305,
    "losses": [
      0.92553601331181,
      0.17140907525188392,
      0.07246162659592098,
      0.03290798719454971,
      0.012723420798364613,
      0.0049189030736063915,
      0.0019770196684273994,
      0.0009355232404131028,
      0.0006769907680184891,
      0.0005559157677150021,
      0.0004752172107045125,
      0.00041569119558617886,
      0.00036934263092310476,
      0.0003315732570222786,
      0.000300037685115563,
      0.0002733232714591496,
      0.0002502356635684717,
      0.0002301959523012758,
      0.00021256552968730425,
      0.00019700031326566305
    ],
    "n_params": 983040
  },
  "dpo_baseline": {
    "train": {
      "word_correct": 5,
      "word_total": 5,
      "num_correct": 0,
      "num_total": 4,
      "total_acc": 0.5555555555555556,
      "word_acc": 1.0,
      "num_acc": 0.0
    },
    "test": {
      "word_correct": 1,
      "word_total": 2,
      "num_correct": 0,
      "num_total": 3,
      "total_acc": 0.2,
      "word_acc": 0.5,
      "num_acc": 0.0
    }
  }
}