{
  "phase": 11,
  "name": "Quantum Zeno Fact-Fixing",
  "single_vs_zeno": {
    "0": {
      "single": {
        "acc": 0.0,
        "H": 5.979475021362305
      },
      "zeno": {
        "acc": 0.0,
        "H": 5.979475307464599
      }
    },
    "1": {
      "single": {
        "acc": 0.4,
        "H": 5.872652149200439
      },
      "zeno": {
        "acc": 0.0,
        "H": 5.979023361206055
      }
    },
    "3": {
      "single": {
        "acc": 0.6,
        "H": 5.011969661712646
      },
      "zeno": {
        "acc": 0.0,
        "H": 5.9782336235046385
      }
    },
    "5": {
      "single": {
        "acc": 0.8,
        "H": 3.3022792816162108
      },
      "zeno": {
        "acc": 0.0,
        "H": 5.977598476409912
      }
    },
    "10": {
      "single": {
        "acc": 1.0,
        "H": 0.2438850112259388
      },
      "zeno": {
        "acc": 0.0,
        "H": 5.976663398742676
      }
    },
    "20": {
      "single": {
        "acc": 1.0,
        "H": 2.3876492105046054e-05
      },
      "zeno": {
        "acc": 0.0,
        "H": 5.977342224121093
      }
    },
    "30": {
      "single": {
        "acc": 1.0,
        "H": 1.4452781568752294e-09
      },
      "zeno": {
        "acc": 0.0,
        "H": 5.980756187438965
      }
    },
    "50": {
      "single": {
        "acc": 1.0,
        "H": 3.0851133828781263e-18
      },
      "zeno": {
        "acc": 0.0,
        "H": 5.990884113311767
      }
    },
    "100": {
      "single": {
        "acc": 1.0,
        "H": 5.67532043764794e-40
      },
      "zeno": {
        "acc": 0.0,
        "H": 5.976948070526123
      }
    }
  },
  "depth_sweep": {
    "1": 0.0,
    "2": 0.0,
    "3": 0.0,
    "4": 0.0,
    "6": 0.0,
    "8": 0.0,
    "10": 0.0,
    "12": 0.0
  }
}