{
  "phase": "199",
  "name": "Full Execution Timeline",
  "n_layers": 24,
  "results": {
    "0": {
      "A": 0.03333333333333333,
      "B": 0.2,
      "Sum": 0.03333333333333333,
      "Carry": 0.43333333333333335
    },
    "1": {
      "A": 0.03333333333333333,
      "B": 0.8666666666666667,
      "Sum": 0.03333333333333333,
      "Carry": 0.7333333333333333
    },
    "2": {
      "A": 0.03333333333333333,
      "B": 1.0,
      "Sum": 0.0,
      "Carry": 0.7666666666666667
    },
    "3": {
      "A": 0.16666666666666666,
      "B": 1.0,
      "Sum": 0.0,
      "Carry": 0.8
    },
    "4": {
      "A": 0.8,
      "B": 1.0,
      "Sum": 0.0,
      "Carry": 0.8666666666666667
    },
    "5": {
      "A": 0.8666666666666667,
      "B": 1.0,
      "Sum": 0.0,
      "Carry": 0.8666666666666667
    },
    "6": {
      "A": 0.8333333333333334,
      "B": 1.0,
      "Sum": 0.0,
      "Carry": 0.8666666666666667
    },
    "7": {
      "A": 0.8666666666666667,
      "B": 1.0,
      "Sum": 0.0,
      "Carry": 0.8666666666666667
    },
    "8": {
      "A": 0.5666666666666667,
      "B": 1.0,
      "Sum": 0.0,
      "Carry": 0.8
    },
    "9": {
      "A": 0.7333333333333333,
      "B": 1.0,
      "Sum": 0.0,
      "Carry": 0.8333333333333334
    },
    "10": {
      "A": 0.8,
      "B": 1.0,
      "Sum": 0.0,
      "Carry": 0.8333333333333334
    },
    "11": {
      "A": 0.9666666666666667,
      "B": 0.9666666666666667,
      "Sum": 0.0,
      "Carry": 0.8666666666666667
    },
    "12": {
      "A": 0.9666666666666667,
      "B": 0.9666666666666667,
      "Sum": 0.0,
      "Carry": 0.8666666666666667
    },
    "13": {
      "A": 0.9666666666666667,
      "B": 0.9333333333333333,
      "Sum": 0.0,
      "Carry": 0.8666666666666667
    },
    "14": {
      "A": 0.9666666666666667,
      "B": 0.9333333333333333,
      "Sum": 0.0,
      "Carry": 0.8666666666666667
    },
    "15": {
      "A": 0.9666666666666667,
      "B": 0.9666666666666667,
      "Sum": 0.0,
      "Carry": 0.8666666666666667
    },
    "16": {
      "A": 0.9333333333333333,
      "B": 0.36666666666666664,
      "Sum": 0.0,
      "Carry": 0.9333333333333333
    },
    "17": {
      "A": 0.9333333333333333,
      "B": 0.4,
      "Sum": 0.0,
      "Carry": 1.0
    },
    "18": {
      "A": 0.9,
      "B": 0.43333333333333335,
      "Sum": 0.16666666666666666,
      "Carry": 1.0
    },
    "19": {
      "A": 0.8666666666666667,
      "B": 0.4,
      "Sum": 0.4,
      "Carry": 1.0
    },
    "20": {
      "A": 0.8666666666666667,
      "B": 0.36666666666666664,
      "Sum": 0.5,
      "Carry": 1.0
    },
    "21": {
      "A": 0.8666666666666667,
      "B": 0.36666666666666664,
      "Sum": 0.5,
      "Carry": 1.0
    },
    "22": {
      "A": 0.8666666666666667,
      "B": 0.4666666666666667,
      "Sum": 0.5333333333333333,
      "Carry": 1.0
    },
    "23": {
      "A": 0.8666666666666667,
      "B": 0.5333333333333333,
      "Sum": 0.4,
      "Carry": 1.0
    }
  }
}