{
  "phase": "120",
  "name": "DPO Phase Boundary Law",
  "model": "Qwen/Qwen2.5-1.5B",
  "boundary_layer": 26,
  "best_config": "lr=5e-06_beta=0.05",
  "best_harmonic_mean": 0.7652173913043478,
  "comparison_05b_lr_star": 5e-06,
  "results": {
    "lr=1e-07_beta=0.05": {
      "lr": 1e-07,
      "beta": 0.05,
      "n_trainable": 82575360,
      "n_total": 1543714304,
      "trainable_pct": 0.053491348616796906,
      "before": {
        "train": 0.6,
        "test": 0.8,
        "ppl": 6.5666122135142055
      },
      "after": {
        "train": 0.6,
        "test": 0.8,
        "ppl": 6.564453138106022
      },
      "harmonic_mean": 0.6857142857142857
    },
    "lr=1e-07_beta=0.1": {
      "lr": 1e-07,
      "beta": 0.1,
      "n_trainable": 82575360,
      "n_total": 1543714304,
      "trainable_pct": 0.053491348616796906,
      "before": {
        "train": 0.6,
        "test": 0.8,
        "ppl": 6.5666122135142055
      },
      "after": {
        "train": 0.6,
        "test": 0.8,
        "ppl": 6.5644507415660875
      },
      "harmonic_mean": 0.6857142857142857
    },
    "lr=1e-07_beta=0.5": {
      "lr": 1e-07,
      "beta": 0.5,
      "n_trainable": 82575360,
      "n_total": 1543714304,
      "trainable_pct": 0.053491348616796906,
      "before": {
        "train": 0.6,
        "test": 0.8,
        "ppl": 6.5666122135142055
      },
      "after": {
        "train": 0.6,
        "test": 0.8,
        "ppl": 6.564452453380237
      },
      "harmonic_mean": 0.6857142857142857
    },
    "lr=5e-07_beta=0.05": {
      "lr": 5e-07,
      "beta": 0.05,
      "n_trainable": 82575360,
      "n_total": 1543714304,
      "trainable_pct": 0.053491348616796906,
      "before": {
        "train": 0.6,
        "test": 0.8,
        "ppl": 6.5666122135142055
      },
      "after": {
        "train": 0.6666666666666666,
        "test": 0.8,
        "ppl": 6.556213676494568
      },
      "harmonic_mean": 0.7272727272727272
    },
    "lr=5e-07_beta=0.1": {
      "lr": 5e-07,
      "beta": 0.1,
      "n_trainable": 82575360,
      "n_total": 1543714304,
      "trainable_pct": 0.053491348616796906,
      "before": {
        "train": 0.6,
        "test": 0.8,
        "ppl": 6.5666122135142055
      },
      "after": {
        "train": 0.6666666666666666,
        "test": 0.8,
        "ppl": 6.556212626271287
      },
      "harmonic_mean": 0.7272727272727272
    },
    "lr=5e-07_beta=0.5": {
      "lr": 5e-07,
      "beta": 0.5,
      "n_trainable": 82575360,
      "n_total": 1543714304,
      "trainable_pct": 0.053491348616796906,
      "before": {
        "train": 0.6,
        "test": 0.8,
        "ppl": 6.5666122135142055
      },
      "after": {
        "train": 0.6666666666666666,
        "test": 0.8,
        "ppl": 6.556211942405055
      },
      "harmonic_mean": 0.7272727272727272
    },
    "lr=1e-06_beta=0.05": {
      "lr": 1e-06,
      "beta": 0.05,
      "n_trainable": 82575360,
      "n_total": 1543714304,
      "trainable_pct": 0.053491348616796906,
      "before": {
        "train": 0.6,
        "test": 0.8,
        "ppl": 6.5666122135142055
      },
      "after": {
        "train": 0.6666666666666666,
        "test": 0.8,
        "ppl": 6.5443443800586065
      },
      "harmonic_mean": 0.7272727272727272
    },
    "lr=1e-06_beta=0.1": {
      "lr": 1e-06,
      "beta": 0.1,
      "n_trainable": 82575360,
      "n_total": 1543714304,
      "trainable_pct": 0.053491348616796906,
      "before": {
        "train": 0.6,
        "test": 0.8,
        "ppl": 6.5666122135142055
      },
      "after": {
        "train": 0.6666666666666666,
        "test": 0.8,
        "ppl": 6.544345501519504
      },
      "harmonic_mean": 0.7272727272727272
    },
    "lr=1e-06_beta=0.5": {
      "lr": 1e-06,
      "beta": 0.5,
      "n_trainable": 82575360,
      "n_total": 1543714304,
      "trainable_pct": 0.053491348616796906,
      "before": {
        "train": 0.6,
        "test": 0.8,
        "ppl": 6.5666122135142055
      },
      "after": {
        "train": 0.6666666666666666,
        "test": 0.8,
        "ppl": 6.544343209838745
      },
      "harmonic_mean": 0.7272727272727272
    },
    "lr=2e-06_beta=0.05": {
      "lr": 2e-06,
      "beta": 0.05,
      "n_trainable": 82575360,
      "n_total": 1543714304,
      "trainable_pct": 0.053491348616796906,
      "before": {
        "train": 0.6,
        "test": 0.8,
        "ppl": 6.5666122135142055
      },
      "after": {
        "train": 0.6666666666666666,
        "test": 0.8,
        "ppl": 6.510148441776164
      },
      "harmonic_mean": 0.7272727272727272
    },
    "lr=2e-06_beta=0.1": {
      "lr": 2e-06,
      "beta": 0.1,
      "n_trainable": 82575360,
      "n_total": 1543714304,
      "trainable_pct": 0.053491348616796906,
      "before": {
        "train": 0.6,
        "test": 0.8,
        "ppl": 6.5666122135142055
      },
      "after": {
        "train": 0.6666666666666666,
        "test": 0.8,
        "ppl": 6.510148005236707
      },
      "harmonic_mean": 0.7272727272727272
    },
    "lr=2e-06_beta=0.5": {
      "lr": 2e-06,
      "beta": 0.5,
      "n_trainable": 82575360,
      "n_total": 1543714304,
      "trainable_pct": 0.053491348616796906,
      "before": {
        "train": 0.6,
        "test": 0.8,
        "ppl": 6.5666122135142055
      },
      "after": {
        "train": 0.6666666666666666,
        "test": 0.8,
        "ppl": 6.510147908227943
      },
      "harmonic_mean": 0.7272727272727272
    },
    "lr=5e-06_beta=0.05": {
      "lr": 5e-06,
      "beta": 0.05,
      "n_trainable": 82575360,
      "n_total": 1543714304,
      "trainable_pct": 0.053491348616796906,
      "before": {
        "train": 0.6,
        "test": 0.8,
        "ppl": 6.5666122135142055
      },
      "after": {
        "train": 0.7333333333333333,
        "test": 0.8,
        "ppl": 6.453758614078062
      },
      "harmonic_mean": 0.7652173913043478
    },
    "lr=5e-06_beta=0.1": {
      "lr": 5e-06,
      "beta": 0.1,
      "n_trainable": 82575360,
      "n_total": 1543714304,
      "trainable_pct": 0.053491348616796906,
      "before": {
        "train": 0.6,
        "test": 0.8,
        "ppl": 6.5666122135142055
      },
      "after": {
        "train": 0.7333333333333333,
        "test": 0.8,
        "ppl": 6.453758950667812
      },
      "harmonic_mean": 0.7652173913043478
    },
    "lr=5e-06_beta=0.5": {
      "lr": 5e-06,
      "beta": 0.5,
      "n_trainable": 82575360,
      "n_total": 1543714304,
      "trainable_pct": 0.053491348616796906,
      "before": {
        "train": 0.6,
        "test": 0.8,
        "ppl": 6.5666122135142055
      },
      "after": {
        "train": 0.7333333333333333,
        "test": 0.8,
        "ppl": 6.447426286345545
      },
      "harmonic_mean": 0.7652173913043478
    },
    "lr=1e-05_beta=0.05": {
      "lr": 1e-05,
      "beta": 0.05,
      "n_trainable": 82575360,
      "n_total": 1543714304,
      "trainable_pct": 0.053491348616796906,
      "before": {
        "train": 0.6,
        "test": 0.8,
        "ppl": 6.5666122135142055
      },
      "after": {
        "train": 0.7333333333333333,
        "test": 0.8,
        "ppl": 6.73321135706494
      },
      "harmonic_mean": 0.7652173913043478
    },
    "lr=1e-05_beta=0.1": {
      "lr": 1e-05,
      "beta": 0.1,
      "n_trainable": 82575360,
      "n_total": 1543714304,
      "trainable_pct": 0.053491348616796906,
      "before": {
        "train": 0.6,
        "test": 0.8,
        "ppl": 6.5666122135142055
      },
      "after": {
        "train": 0.7333333333333333,
        "test": 0.8,
        "ppl": 6.733209275162405
      },
      "harmonic_mean": 0.7652173913043478
    },
    "lr=1e-05_beta=0.5": {
      "lr": 1e-05,
      "beta": 0.5,
      "n_trainable": 82575360,
      "n_total": 1543714304,
      "trainable_pct": 0.053491348616796906,
      "before": {
        "train": 0.6,
        "test": 0.8,
        "ppl": 6.5666122135142055
      },