{
  "phase": "138b",
  "name": "Distance vs Angle",
  "results": {
    "baseline": {
      "cos": 0.7300691604614258,
      "l2": 0.36993348598480225,
      "norm": 0.5041122436523438,
      "norm_std": 0.027184953913092613,
      "num_acc": 0.0
    },
    "disperse_s1": {
      "cos": 0.1719169020652771,
      "l2": 1.118241548538208,
      "norm": 0.8706672787666321,
      "norm_std": 0.07032107561826706,
      "num_acc": 0.0
    },
    "gram_schmidt": {
      "cos": 1.6906092081825363e-09,
      "l2": 0.7134326696395874,
      "norm": 0.5041122436523438,
      "norm_std": 0.027184966951608658,
      "num_acc": 0.0
    },
    "gs_disperse": {
      "cos": -0.060654446482658386,
      "l2": 1.0893903970718384,
      "norm": 0.7474561929702759,
      "norm_std": 0.04126765951514244,
      "num_acc": 0.0
    },
    "gs_scale2x": {
      "cos": 1.6906092081825363e-09,
      "l2": 1.4268653392791748,
      "norm": 1.0082244873046875,
      "norm_std": 0.054369933903217316,
      "num_acc": 0.25
    },
    "gs_scale3x": {
      "cos": 1.9441359633276534e-09,
      "l2": 2.1402978897094727,
      "norm": 1.5123367309570312,
      "norm_std": 0.08155489712953568,
      "num_acc": 0.5
    }
  }
}