{
  "phase": "135",
  "name": "Autopoietic Joint-DPO",
  "lambda_0.0": {
    "total_correct": 0.25,
    "total_abstain": 0.0,
    "word_acc": 0.25,
    "num_correct": 0.25,
    "num_abstain": 0.0,
    "uncertain_abstain": 0.0,
    "losses": [
      0.4383448741652749,
      0.31213784691962326,
      0.2621657846241512,
      0.2347641697957773,
      0.21415342868633822,
      0.19210478294156597,
      0.17588494105720284,
      0.15784786568639736,
      0.14262317664410643,
      0.12788286305154048
    ]
  },
  "lambda_0.3": {
    "total_correct": 0.25,
    "total_abstain": 0.0,
    "word_acc": 0.25,
    "num_correct": 0.25,
    "num_abstain": 0.0,
    "uncertain_abstain": 0.0,
    "losses": [
      0.5153542933138934,
      0.3416350299323147,
      0.2768327785147862,
      0.2385258316052469,
      0.20844938363230045,
      0.18212175826986574,
      0.1666373272744915,
      0.1475485693731984,
      0.12993160667106582,
      0.11602616193456262
    ]
  },
  "lambda_0.5": {
    "total_correct": 0.25,
    "total_abstain": 0.0,
    "word_acc": 0.25,
    "num_correct": 0.25,
    "num_abstain": 0.0,
    "uncertain_abstain": 0.0,
    "losses": [
      0.5738054432652213,
      0.35147607476789167,
      0.29148586419019423,
      0.2585273912912023,
      0.21517169531051134,
      0.18707447616378142,
      0.16925463378488945,
      0.1504950067676625,
      0.13653620425214863,
      0.11665425257144141
    ]
  },
  "lambda_1.0": {
    "total_correct": 0.25,
    "total_abstain": 0.0,
    "word_acc": 0.25,
    "num_correct": 0.25,
    "num_abstain": 0.0,
    "uncertain_abstain": 0.0,
    "losses": [
      0.7088662494312633,
      0.4284698592329567,
      0.32310930838998914,
      0.28455153244828,
      0.25013293379412394,
      0.20090563751397317,
      0.17014814873685033,
      0.15289927082961763,
      0.13418440877500293,
      0.11986046006429453
    ]
  },
  "lambda_2.0": {
    "total_correct": 0.25,
    "total_abstain": 0.0,
    "word_acc": 0.25,
    "num_correct": 0.25,
    "num_abstain": 0.0,
    "uncertain_abstain": 0.0,
    "losses": [
      0.9510745026848533,
      0.5104837011207234,
      0.3777467619458383,
      0.3303915389141449,
      0.22490188026131364,
      0.18990898409902002,
      0.16783265383029092,
      0.1471909986387552,
      0.1332648764033696,
      0.11734296644549018
    ]
  }
}