{
  "phase": "188",
  "name": "Superposition FGA",
  "results": {
    "baseline": {
      "per_token": 0.5,
      "full": 0.5,
      "top_k": 1,
      "gain": 0
    },
    "top1_g5": {
      "per_token": 0.42857142857142855,
      "full": 0.3333333333333333,
      "top_k": 1,
      "gain": 5
    },
    "top5_g5": {
      "per_token": 0.42857142857142855,
      "full": 0.3333333333333333,
      "top_k": 5,
      "gain": 5
    },
    "top10_g5": {
      "per_token": 0.42857142857142855,
      "full": 0.3333333333333333,
      "top_k": 10,
      "gain": 5
    },
    "top5_g10": {
      "per_token": 0.42857142857142855,
      "full": 0.3333333333333333,
      "top_k": 5,
      "gain": 10
    },
    "top10_g10": {
      "per_token": 0.42857142857142855,
      "full": 0.3333333333333333,
      "top_k": 10,
      "gain": 10
    }
  }
}