{
  "phase": "187",
  "name": "VM Boot",
  "configs": {
    "A_baseline": {
      "arith": 0.0,
      "fact": 0.4
    },
    "B_def_prefix": {
      "arith": 0.3
    },
    "C_steer_s0.5": {
      "arith": 0.0,
      "fact": 0.4,
      "scale": 0.5
    },
    "C_steer_s1.0": {
      "arith": 0.0,
      "fact": 0.4,
      "scale": 1.0
    },
    "C_steer_s2.0": {
      "arith": 0.0,
      "fact": 0.4,
      "scale": 2.0
    },
    "C_steer_s3.0": {
      "arith": 0.0,
      "fact": 0.4,
      "scale": 3.0
    },
    "C_steer_s5.0": {
      "arith": 0.0,
      "fact": 0.4,
      "scale": 5.0
    }
  },
  "boot_magnitudes": {
    "12": 10.947647094726562,
    "13": 11.461137771606445,
    "14": 12.106534957885742,
    "15": 13.111786842346191,
    "16": 14.433259963989258,
    "17": 17.77054214477539
  }
}