{
  "phase": 75,
  "name": "The Dark Matter Hypothesis",
  "projection_results": {
    "fact": {
      "Q_mean": 3.751112392970494,
      "K_mean": 3.6511308465685164,
      "V_mean": 4.129903418677194,
      "Q_std": 0.4262448206162521,
      "K_std": 0.3612533877524164,
      "V_std": 0.8448458297280924,
      "total_mean": 11.532146658216204
    },
    "math": {
      "Q_mean": 2.430164019266764,
      "K_mean": 3.0361404021581015,
      "V_mean": 2.71794323126475,
      "Q_std": 0.24111463276550144,
      "K_std": 0.20804847130443002,
      "V_std": 0.342982579905834,
      "total_mean": 8.184247652689615
    },
    "grammar": {
      "Q_mean": 2.1162130683660507,
      "K_mean": 2.9793490171432495,
      "V_mean": 1.887518286705017,
      "Q_std": 0.19613824753125672,
      "K_std": 0.20563899088229945,
      "V_std": 0.38219629813652933,
      "total_mean": 6.983080372214317
    }
  },
  "centroid_cosines": {
    "fact": -0.010322040878236294,
    "math": -0.014473016373813152,
    "grammar": 0.013577411882579327
  },
  "helper_projections": {
    "fact": 3.22571815763201,
    "math": 2.4129373033841452,
    "grammar": 3.4001050889492035
  },
  "dark_matter_confirmed": true,
  "math_total_projection": 8.184247652689615,
  "fact_total_projection": 11.532146658216204
}