{
  "phase": "200",
  "name": "The Operation Register",
  "n_problems": 108,
  "results": {
    "0": {
      "operation": 0.696969696969697,
      "A": 0.15151515151515152,
      "B": 0.45454545454545453
    },
    "2": {
      "operation": 1.0,
      "A": 0.15151515151515152,
      "B": 0.9090909090909091
    },
    "4": {
      "operation": 1.0,
      "A": 0.696969696969697,
      "B": 0.9393939393939394
    },
    "6": {
      "operation": 1.0,
      "A": 0.8787878787878788,
      "B": 1.0
    },
    "8": {
      "operation": 1.0,
      "A": 0.9090909090909091,
      "B": 1.0
    },
    "10": {
      "operation": 1.0,
      "A": 0.9090909090909091,
      "B": 1.0
    },
    "12": {
      "operation": 1.0,
      "A": 0.9393939393939394,
      "B": 0.9696969696969697
    },
    "14": {
      "operation": 1.0,
      "A": 0.9393939393939394,
      "B": 0.9696969696969697
    },
    "16": {
      "operation": 1.0,
      "A": 1.0,
      "B": 1.0
    },
    "18": {
      "operation": 1.0,
      "A": 1.0,
      "B": 0.9696969696969697
    },
    "20": {
      "operation": 1.0,
      "A": 0.9393939393939394,
      "B": 0.9393939393939394
    },
    "22": {
      "operation": 1.0,
      "A": 0.9393939393939394,
      "B": 0.9393939393939394
    }
  }
}