{
  "phase": "155",
  "name": "Dual Surgery 14B",
  "configs": {
    "A_embed_only": {
      "word": 1.0,
      "num": 0.0
    },
    "B_lmhead_only": {
      "word": 1.0,
      "num": 0.5714285714285714,
      "lm_cos": 0.011890329420566559
    },
    "C_dual_g20": {
      "word": 1.0,
      "num": 0.5714285714285714,
      "lm_cos": 0.011890329420566559
    },
    "D_dual_g50": {
      "word": 1.0,
      "num": 1.0
    },
    "E_dual5_g50": {
      "word": 0.0,
      "num": 1.0,
      "lm_cos": -0.0832725316286087
    }
  }
}