{
  "phase": 79,
  "name": "Why Comments Work",
  "format_head_entropy": {
    "comment": {
      "L11H7": 0.8732671141624451,
      "L10H7": 0.8922183066606522,
      "L10H6": 0.5160114206373692,
      "L11H1": 0.8132853806018829,
      "L10H5": 0.3504178486764431,
      "L11H0": 1.2056520953774452
    },
    "natural": {
      "L11H7": 0.4467717669904232,
      "L10H7": 0.8113318979740143,
      "L10H6": 0.2872848194092512,
      "L11H1": 0.46292847767472267,
      "L10H5": 0.5577753074467182,
      "L11H0": 1.3448781073093414
    }
  },
  "head_deltas": {
    "L11H7": 0.42649534717202187,
    "L10H7": 0.08088640868663788,
    "L10H6": 0.22872660122811794,
    "L11H1": 0.35035690292716026,
    "L10H5": -0.20735745877027512,
    "L11H0": -0.1392260119318962
  },
  "most_changed_head": "L11H7",
  "results": [
    {
      "desc": "Japan capital",
      "expected": "Tokyo",
      "format": "comment",
      "rank": 1,
      "head_metrics": {
        "L11H7": {
          "entropy": 0.7938,
          "max_attn": 0.7512,
          "max_token": "#"
        },
        "L10H7": {
          "entropy": 1.0485,
          "max_attn": 0.5466,
          "max_token": "#"
        },
        "L10H6": {
          "entropy": 0.6831,
          "max_attn": 0.7995,
          "max_token": "#"
        },
        "L11H1": {
          "entropy": 0.5247,
          "max_attn": 0.8687,
          "max_token": "#"
        },
        "L10H5": {
          "entropy": 0.2236,
          "max_attn": 0.9562,
          "max_token": "#"
        },
        "L11H0": {
          "entropy": 1.3048,
          "max_attn": 0.3615,
          "max_token": "#"
        }
      }
    },
    {
      "desc": "Japan capital",
      "expected": "Tokyo",
      "format": "natural",
      "rank": 96,
      "head_metrics": {
        "L11H7": {
          "entropy": 0.3497,
          "max_attn": 0.92,
          "max_token": "The"
        },
        "L10H7": {
          "entropy": 0.6232,
          "max_attn": 0.8344,
          "max_token": "The"
        },
        "L10H6": {
          "entropy": 0.3939,
          "max_attn": 0.9061,
          "max_token": "The"
        },
        "L11H1": {
          "entropy": 0.3195,
          "max_attn": 0.9306,
          "max_token": "The"
        },
        "L10H5": {
          "entropy": 0.6449,
          "max_attn": 0.8275,
          "max_token": "The"
        },
        "L11H0": {
          "entropy": 1.2898,
          "max_attn": 0.3622,
          "max_token": "is"
        }
      }
    },
    {
      "desc": "France capital",
      "expected": "Paris",
      "format": "comment",
      "rank": 1,
      "head_metrics": {
        "L11H7": {
          "entropy": 0.8137,
          "max_attn": 0.7557,
          "max_token": "#"
        },
        "L10H7": {
          "entropy": 0.9764,
          "max_attn": 0.631,
          "max_token": "#"
        },
        "L10H6": {
          "entropy": 0.6675,
          "max_attn": 0.8057,
          "max_token": "#"
        },
        "L11H1": {
          "entropy": 0.7303,
          "max_attn": 0.7944,
          "max_token": "#"
        },
        "L10H5": {
          "entropy": 0.1921,
          "max_attn": 0.9641,
          "max_token": "#"
        },
        "L11H0": {
          "entropy": 1.3771,
          "max_attn": 0.2816,
          "max_token": "#"
        }
      }
    },
    {
      "desc": "France capital",
      "expected": "Paris",
      "format": "natural",
      "rank": 410,
      "head_metrics": {
        "L11H7": {
          "entropy": 0.3064,
          "max_attn": 0.934,
          "max_token": "The"
        },
        "L10H7": {
          "entropy": 0.5095,
          "max_attn": 0.8688,
          "max_token": "The"
        },
        "L10H6": {
          "entropy": 0.3911,
          "max_attn": 0.9096,
          "max_token": "The"
        },
        "L11H1": {
          "entropy": 0.3061,
          "max_attn": 0.9338,
          "max_token": "The"
        },
        "L10H5": {
          "entropy": 0.4736,
          "max_attn": 0.8861,
          "max_token": "The"
        },
        "L11H0": {
          "entropy": 1.3058,
          "max_attn": 0.3495,
          "max_token": "is"
        }
      }
    },
    {
      "desc": "largest planet",
      "expected": "Jupiter",
      "format": "comment",
      "rank": 3,
      "head_metrics": {
        "L11H7": {
          "entropy": 0.9452,
          "max_attn": 0.6892,
          "max_token": "#"
        },
        "L10H7": {
          "entropy": 1.0217,
          "max_attn": 0.5608,
          "max_token": "#"
        },
        "L10H6": {
          "entropy": 0.3267,
          "max_attn": 0.9237,
          "max_token": "#"
        },
        "L11H1": {
          "entropy": 0.9446,
          "max_attn": 0.6676,
          "max_token": "#"
        },
        "L10H5": {
          "entropy": 0.5974,
          "max_attn": 0.8453,
          "max_token": "#"
        },
        "L11H0": {
          "entropy": 1.2197,
          "max_attn": 0.4784,
          "max_token": "#"
        }
      }
    },
    {
      "desc": "largest planet",
      "expected": "Jupiter",
      "format": "natural",
      "rank": 5,
      "head_metrics": {
        "L11H7": {
          "entropy": 0.6404,
          "max_attn": 0.8148,
          "max_token": "The"
        },
        "L10H7": {
          "entropy": 0.9305,
          "max_attn": 0.6468,
          "max_token": "The"
        },
        "L10H6": {
          "entropy": 0.2638,
          "max_attn": 0.9413,
          "max_token": "The"
        },
        "L11H1": {
          "entropy": 0.6483,
          "max_attn": 0.806,
          "max_token": "The"
        },
        "L10H5": {
          "entropy": 0.6326,
          "max_attn": 0.8295,
          "max_token": "The"
        },
        "L11H0": {
          "entropy": 1.235,
          "max_attn": 0.4622,
          "max_token": "The"
        }
      }
    },
    {
      "desc": "Earth orbits",
      "expected": "Sun",
      "format": "comment",
      "rank": 160,
      "head_metrics": {
        "L11H7": {
          "entropy": 0.8317,
          "max_attn": 0.7145,
          "max_token": "#"
        },
        "L10H7": {
          "entropy": 0.7982,
          "max_attn": 0.7392,
          "max_token": "#"
        },
        "L10H6": {
          "entropy": 0.3156,
          "max_attn": 0.9304,
          "max_token": "#"
        },
        "L11H1": {
          "entropy": 0.6885,
          "max_attn": 0.7985,
          "max_token": "#"
        },
        "L10H5": {
          "entropy": 0.2682,
          "max_attn": 0.9449,
          "max_token": "#"
        },
        "L11H0": {
          "entropy": 0.7024,
          "max_attn": 0.7925,
          "max_token": "#"
        }
      }
    },
    {
      "desc": "Earth orbits",
      "expected": "Sun",
      "format": "natural",
      "rank": 613,
      "head_metrics": {
        "L11H7": {
          "entropy": 0.7264,
          "max_attn": 0.7945,
          "max_token": "The"
        },
        "L10H7": {
          "entropy": 1.0065,
          "max_attn": 0.5985,
          "max_token": "The"
        },
        "L10H6": {
          "entropy": 0.2006,
          "max_attn": 0.9582,
          "max_token": "The"
        },
        "L11H1": {
          "entropy": 0.7405,
          "max_attn": 0.7611,
          "max_token": "The"
        },
        "L10H5": {
          "entropy": 0.5636,
          "max_attn": 0.8547,
          "max_token": "The"
        },
        "L11H0": {
          "entropy": 1.3594,
          "max_attn": 0.3514,
          "max_token": "The"
        }
      }
    },
    {
      "desc": "gold symbol",
      "expected": "Au",
      "format": "comment",
      "rank": 27717,
      "head_metrics": {
        "L11H7": {
          "entropy": 0.9731,
          "max_attn": 0.6624,
          "max_token": "#"
        },
        "L10H7": {
          "entropy": 0.5178,
          "max_attn": 0.8723,
          "max_token": "#"
        },