{
  "phase": "208",
  "name": "Natural vs Code VM",
  "results": {
    "natural": {
      "0": {
        "A": 0.06666666666666667,
        "B": 0.4,
        "Carry": 0.6
      },
      "1": {
        "A": 0.36666666666666664,
        "B": 0.9333333333333333,
        "Carry": 0.8333333333333334
      },
      "2": {
        "A": 0.8333333333333334,
        "B": 1.0,
        "Carry": 0.8333333333333334
      },
      "3": {
        "A": 1.0,
        "B": 0.8666666666666667,
        "Carry": 0.9333333333333333
      },
      "4": {
        "A": 1.0,
        "B": 0.7666666666666667,
        "Carry": 0.9333333333333333
      },
      "5": {
        "A": 1.0,
        "B": 0.6333333333333333,
        "Carry": 0.9333333333333333
      },
      "6": {
        "A": 1.0,
        "B": 0.6,
        "Carry": 0.9
      },
      "7": {
        "A": 1.0,
        "B": 0.7666666666666667,
        "Carry": 0.9
      },
      "8": {
        "A": 1.0,
        "B": 0.9666666666666667,
        "Carry": 0.8666666666666667
      },
      "9": {
        "A": 1.0,
        "B": 0.9666666666666667,
        "Carry": 0.8333333333333334
      },
      "10": {
        "A": 1.0,
        "B": 0.9666666666666667,
        "Carry": 0.8333333333333334
      },
      "11": {
        "A": 1.0,
        "B": 0.6666666666666666,
        "Carry": 0.8333333333333334
      },
      "12": {
        "A": 1.0,
        "B": 0.6,
        "Carry": 0.8333333333333334
      },
      "13": {
        "A": 1.0,
        "B": 0.6333333333333333,
        "Carry": 0.7666666666666667
      },
      "14": {
        "A": 1.0,
        "B": 0.6333333333333333,
        "Carry": 0.8
      },
      "15": {
        "A": 1.0,
        "B": 0.7666666666666667,
        "Carry": 0.8333333333333334
      },
      "16": {
        "A": 1.0,
        "B": 0.7,
        "Carry": 0.8333333333333334
      },
      "17": {
        "A": 1.0,
        "B": 0.6666666666666666,
        "Carry": 0.8333333333333334
      },
      "18": {
        "A": 1.0,
        "B": 0.7666666666666667,
        "Carry": 0.8333333333333334
      },
      "19": {
        "A": 1.0,
        "B": 0.7,
        "Carry": 0.8
      },
      "20": {
        "A": 1.0,
        "B": 0.8,
        "Carry": 0.8
      },
      "21": {
        "A": 1.0,
        "B": 0.7333333333333333,
        "Carry": 0.8
      },
      "22": {
        "A": 1.0,
        "B": 0.8,
        "Carry": 0.8
      },
      "23": {
        "A": 1.0,
        "B": 0.7333333333333333,
        "Carry": 0.8
      }
    },
    "code": {
      "0": {
        "A": 0.03333333333333333,
        "B": 0.2,
        "Carry": 0.43333333333333335
      },
      "1": {
        "A": 0.03333333333333333,
        "B": 0.8666666666666667,
        "Carry": 0.7333333333333333
      },
      "2": {
        "A": 0.03333333333333333,
        "B": 1.0,
        "Carry": 0.7666666666666667
      },
      "3": {
        "A": 0.16666666666666666,
        "B": 1.0,
        "Carry": 0.8
      },
      "4": {
        "A": 0.8,
        "B": 1.0,
        "Carry": 0.8666666666666667
      },
      "5": {
        "A": 0.8666666666666667,
        "B": 1.0,
        "Carry": 0.8666666666666667
      },
      "6": {
        "A": 0.8333333333333334,
        "B": 1.0,
        "Carry": 0.8666666666666667
      },
      "7": {
        "A": 0.8666666666666667,
        "B": 1.0,
        "Carry": 0.8666666666666667
      },
      "8": {
        "A": 0.5666666666666667,
        "B": 1.0,
        "Carry": 0.8
      },
      "9": {
        "A": 0.7333333333333333,
        "B": 1.0,
        "Carry": 0.8333333333333334
      },
      "10": {
        "A": 0.8,
        "B": 1.0,
        "Carry": 0.8333333333333334
      },
      "11": {
        "A": 0.9666666666666667,
        "B": 0.9666666666666667,
        "Carry": 0.8666666666666667
      },
      "12": {
        "A": 0.9666666666666667,
        "B": 0.9666666666666667,
        "Carry": 0.8666666666666667
      },
      "13": {
        "A": 0.9666666666666667,
        "B": 0.9333333333333333,
        "Carry": 0.8666666666666667
      },
      "14": {
        "A": 0.9666666666666667,
        "B": 0.9333333333333333,
        "Carry": 0.8666666666666667
      },
      "15": {
        "A": 0.9666666666666667,
        "B": 0.9666666666666667,
        "Carry": 0.8666666666666667
      },
      "16": {
        "A": 0.9333333333333333,
        "B": 0.36666666666666664,
        "Carry": 0.9333333333333333
      },
      "17": {
        "A": 0.9333333333333333,
        "B": 0.4,
        "Carry": 1.0
      },
      "18": {
        "A": 0.9,
        "B": 0.43333333333333335,
        "Carry": 1.0
      },
      "19": {
        "A": 0.8666666666666667,
        "B": 0.4,
        "Carry": 1.0
      },
      "20": {
        "A": 0.8666666666666667,
        "B": 0.36666666666666664,
        "Carry": 1.0
      },
      "21": {
        "A": 0.8666666666666667,
        "B": 0.36666666666666664,
        "Carry": 1.0
      },
      "22": {
        "A": 0.8666666666666667,
        "B": 0.4666666666666667,
        "Carry": 1.0
      },
      "23": {
        "A": 0.8666666666666667,
        "B": 0.5333333333333333,
        "Carry": 1.0
      }
    },
    "math": {
      "0": {
        "A": 0.03333333333333333,
        "B": 0.23333333333333334,
        "Carry": 0.43333333333333335
      },
      "1": {
        "A": 0.1,
        "B": 0.8666666666666667,
        "Carry": 0.7666666666666667
      },
      "2": {
        "A": 0.13333333333333333,
        "B": 1.0,
        "Carry": 0.8
      },
      "3": {
        "A": 0.3,
        "B": 1.0,
        "Carry": 0.8
      },
      "4": {
        "A": 0.8333333333333334,
        "B": 1.0,
        "Carry": 0.8333333333333334
      },
      "5": {
        "A": 0.8,
        "B": 1.0,
        "Carry": 0.9
      },
      "6": {
        "A": 0.9,
        "B": 1.0,
        "Carry": 0.8666666666666667
      },
      "7": {
        "A": 0.9666666666666667,
        "B": 0.9333333333333333,
        "Carry": 0.8333333333333334
      },
      "8": {
        "A": 0.7333333333333333,
        "B": 1.0,
        "Carry": 0.8333333333333334
      },
      "9": {
        "A": 0.7333333333333333,
        "B": 1.0,
        "Carry": 0.8333333333333334
      },
      "10": {
        "A": 0.7333333333333333,
        "B": 1.0,
        "Carry": 0.8666666666666667
      },
      "11": {
        "A": 1.0,
        "B": 0.9666666666666667,
        "Carry": 0.8666666666666667
      },
      "12": {
        "A": 1.0,
        "B": 0.9666666666666667,
        "Carry": 0.8666666666666667
      },
      "13": {
        "A": 1.0,
        "B": 0.9666666666666667,
        "Carry": 0.8666666666666667
      },
      "14": {
        "A": 1.0,
        "B": 1.0,
        "Carry": 0.8333333333333334
      },
      "15": {
        "A": 1.0,
        "B": 1.0,
        "Carry": 0.8666666666666667
      },
      "16": {
        "A": 1.0,
        "B": 0.9666666666666667,
        "Carry": 0.8333333333333334
      },
      "17": {
        "A": 1.0,
        "B": 0.9,
        "Carry": 0.8333333333333334
      },
      "18": {
        "A": 1.0,
        "B": 0.9333333333333333,
        "Carry": 0.8333333333333334
      },
      "19": {
        "A": 1.0,
        "B": 0.9,
        "Carry": 0.8333333333333334
      },
      "20": {
        "A": 1.0,
        "B": 0.9333333333333333,
        "Carry": 0.8333333333333334
      },
      "21": {
        "A": 1.0,
        "B": 0.9,
        "Carry": 0.8666666666666667
      },
      "22": {
        "A": 1.0,
        "B": 0.8333333333333334,
        "Carry": 0.8666666666666667
      },
      "23": {
        "A": 1.0,
        "B": 0.8666666666666667,
        "Carry": 0.8666666666666667
      }
    }
  }
}