{
  "phase": 104,
  "name": "Anatomy of The Answer Is",
  "model": "Qwen/Qwen2.5-1.5B",
  "n_layers": 28,
  "entropies": {
    "natural": [
      0.8023587548748011,
      1.281913550198078,
      0.9956795629734795,
      0.9093826760848364,
      0.7421326701218883,
      1.0020951001594465,
      0.6433788053963023,
      1.157964077591896,
      0.8706185510692497,
      0.7457167168147862,
      0.9191923530151447,
      0.7694510317097107,
      0.6413483697610597,
      1.1919246912002563,
      0.6056615142142012,
      1.0450130674659401,
      0.9965055316686631,
      0.8836356155574322,
      0.9581647928804159,
      0.6862998900255964,
      0.9457866630827387,
      0.9861253187060356,
      0.7994354334970315,
      0.6287821082708737,
      0.6967671451469263,
      0.4373603841289878,
      0.6861037641763688,
      1.1924062723914781
    ],
    "code_hash": [
      0.8669478017535497,
      1.3998218382398286,
      1.2100979508832097,
      1.0934863463044167,
      0.7964264964684844,
      1.0313844087223212,
      0.713704516525225,
      1.2752759024500846,
      0.8422189181204885,
      0.7917923255823552,
      0.9418316291024288,
      0.8081040296703577,
      0.6490496007104715,
      1.2257198805610339,
      0.6392041763339269,
      1.1483260017320238,
      0.9439557039489349,
      1.1578957358996074,
      1.039886377255122,
      0.783438372251112,
      1.0747772795458634,
      1.032524449378252,
      0.8816273247202238,
      0.7599398144520819,
      0.863572570681572,
      0.6090085249394178,
      0.7047138725717862,
      1.3917379637559255
    ],
    "answer_is": [
      1.09794613668005,
      1.8167246408760547,
      1.4213168345391751,
      1.360868893067042,
      0.9684187278151513,
      1.2275423400104046,
      0.8181413773912937,
      1.475712595383326,
      0.9793027580405275,
      1.0571592109898726,
      1.0929117041329544,
      1.2139253050088883,
      0.9170993806173404,
      1.4764077047506967,
      0.840644528833703,
      1.3605480152227756,
      1.3325822442770003,
      1.4769422804315886,
      1.2751025175054869,
      0.9926351698115468,
      1.242889522574842,
      1.123481929426392,
      0.8826382923871279,
      0.8327480656715731,
      1.0378178603947164,
      0.8108932634194692,
      0.8515988419453303,
      1.769810113310814
    ]
  },
  "delta_code": [
    0.06458904687874856,
    0.11790828804175058,
    0.21441838790973022,
    0.1841036702195803,
    0.054293826346596075,
    0.029289308562874705,
    0.07032571112892272,
    0.11731182485818858,
    -0.028399632948761133,
    0.046075608767569,
    0.02263927608728411,
    0.03865299796064692,
    0.007701230949411775,
    0.03379518936077752,
    0.033542662119725675,
    0.10331293426608368,
    -0.05254982771972816,
    0.2742601203421752,
    0.081721584374706,
    0.09713848222551558,
    0.1289906164631247,
    0.04639913067221635,
    0.08219189122319226,
    0.13115770618120826,
    0.16680542553464572,
    0.17164814081043,
    0.018610108395417435,
    0.1993316913644474
  ],
  "delta_answer": [
    0.2955873818052489,
    0.5348110906779766,
    0.42563727156569564,
    0.4514862169822057,
    0.22628605769326293,
    0.22544723985095816,
    0.17476257199499134,
    0.3177485177914301,
    0.10868420697127779,
    0.3114424941750864,
    0.17371935111780967,
    0.44447427329917755,
    0.27575101085628073,
    0.28448301355044037,
    0.23498301461950177,
    0.31553494775683544,
    0.33607671260833727,
    0.5933066648741564,
    0.31693772462507097,
    0.3063352797859503,
    0.29710285949210324,
    0.13735661072035643,
    0.08320285889009638,
    0.20396595740069945,
    0.34105071524779007,
    0.3735328792904814,
    0.16549507776896155,
    0.5774038409193358
  ],
  "funnel_confirmed": false,
  "back_half_code_delta": 0.10589719044665429,
  "back_half_answer_delta": 0.30587751028569116,
  "front_half_code_delta": 0.06947890958023714,
  "front_half_answer_delta": 0.3035943355951316
}