{
  "phase": 105,
  "name": "Alignment Tax Autopsy",
  "base_entropies": [
    1.076488523743475,
    1.245322482926505,
    1.1841444969177246,
    0.8251207175265466,
    1.0362605049407907,
    0.8234310526932989,
    1.051352639070579,
    0.7580905478447676,
    1.0291026273320572,
    0.5637550752864202,
    1.0687197396797794,
    0.44824120227446135,
    1.1351073547931654,
    0.6844393673153328,
    1.0306632772088051,
    1.1117690183222293,
    0.23875537675994565,
    0.665140289680234,
    0.8910301040325846,
    1.0320293802235807,
    0.7552135877045137,
    0.6535661183297634,
    1.2167855914149965,
    1.1172500041047377
  ],
  "instruct_entropies": [
    1.0650533601174175,
    1.2263051160744258,
    1.2046322226524353,
    0.8355992525549871,
    1.0206478024832903,
    0.8075952183455228,
    1.0614754123347145,
    0.7412806178842272,
    1.0086223486425037,
    0.5649017949640375,
    1.063458067019071,
    0.4705645755288665,
    1.1347188879070538,
    0.707844510727695,
    1.030884388834238,
    1.1248260990317378,
    0.24737202383574705,
    0.669131228434188,
    0.9049043810793331,
    1.0279488057962485,
    0.715607033856213,
    0.6756816721388272,
    1.1230526349374226,
    1.078375722813819
  ],
  "delta": [
    -0.011435163626057454,
    -0.01901736685207922,
    0.020487725734710693,
    0.010478535028440539,
    -0.01561270245750035,
    -0.015835834347776023,
    0.010122773264135576,
    -0.016809929960540426,
    -0.02048027868955349,
    0.0011467196776172583,
    -0.005261672660708427,
    0.022323373254405143,
    -0.00038846688611160474,
    0.023405143412362217,
    0.00022111162543292373,
    0.013057080709508506,
    0.008616647075801398,
    0.003990938753954065,
    0.013874277046748484,
    -0.004080574427332229,
    -0.039606553848300696,
    0.022115553809063826,
    -0.09373295647757396,
    -0.03887428129091863
  ],
  "front_half_delta": -0.0033244851362421815,
  "back_half_delta": -0.0076168400414471414,
  "hypertrophy_confirmed": true,
  "most_affected_layers": [
    22,
    20,
    23,
    13,
    11,
    21,
    2,
    8,
    1,
    7
  ]
}