{
  "phase": 30,
  "name": "Topological Truth Dimension",
  "inspiration": "Blue Brain Project 11D clique structures",
  "fact_entropy": 0.7733574205141309,
  "hallu_entropy": 1.1381856631834855,
  "fact_topology": {
    "0.3": {
      "edges": 8697,
      "max_dim": 8,
      "cliques": {
        "2": 9119,
        "3": 359884,
        "4": 11276390,
        "5": 247311744,
        "6": 5150462948,
        "7": 81195009140,
        "8": 1248257931708
      }
    },
    "0.4": {
      "edges": 8146,
      "max_dim": 8,
      "cliques": {
        "2": 8530,
        "3": 305259,
        "4": 9451528,
        "5": 217999536,
        "6": 4105215383,
        "7": 66520153592,
        "8": 944281919405
      }
    },
    "0.5": {
      "edges": 7645,
      "max_dim": 8,
      "cliques": {
        "2": 7550,
        "3": 279553,
        "4": 8142661,
        "5": 178756416,
        "6": 3392040072,
        "7": 52064981510,
        "8": 713290246690
      }
    },
    "0.6": {
      "edges": 7062,
      "max_dim": 8,
      "cliques": {
        "2": 6765,
        "3": 240994,
        "4": 7211352,
        "5": 142556640,
        "6": 2580803156,
        "7": 38093113054,
        "8": 479288910487
      }
    },
    "0.7": {
      "edges": 6159,
      "max_dim": 8,
      "cliques": {
        "2": 5981,
        "3": 209932,
        "4": 5260637,
        "5": 102832992,
        "6": 1658132597,
        "7": 22144093401,
        "8": 237763415563
      }
    }
  },
  "hallu_topology": {
    "0.3": {
      "edges": 7766,
      "max_dim": 8,
      "cliques": {
        "2": 8040,
        "3": 278482,
        "4": 8344025,
        "5": 199258944,
        "6": 3719654980,
        "7": 58611548805,
        "8": 823142964007
      }
    },
    "0.4": {
      "edges": 7444,
      "max_dim": 8,
      "cliques": {
        "2": 6667,
        "3": 278482,
        "4": 8092320,
        "5": 175873248,
        "6": 3325179886,
        "7": 51625614577,
        "8": 675669453088
      }
    },
    "0.5": {
      "edges": 6968,
      "max_dim": 8,
      "cliques": {
        "2": 7452,
        "3": 253847,
        "4": 7135840,
        "5": 146881392,
        "6": 2453768803,
        "7": 38488543293,
        "8": 476279246999
      }
    },
    "0.6": {
      "edges": 6335,
      "max_dim": 8,
      "cliques": {
        "2": 7354,
        "3": 205648,
        "4": 5675950,
        "5": 115486896,
        "6": 1901057937,
        "7": 25263598623,
        "8": 339339558288
      }
    },
    "0.7": {
      "edges": 5658,
      "max_dim": 8,
      "cliques": {
        "2": 5981,
        "3": 188511,
        "4": 4706886,
        "5": 88577328,
        "6": 1528869572,
        "7": 19068524873,
        "8": 224972345738
      }
    }
  }
}