{
  "phase": "154",
  "name": "Embedding Norm Ratio",
  "results": [
    {
      "name": "0.5B",
      "d": 896,
      "n_layers": 24,
      "n_params_M": 494.032768,
      "pre_avg_norm": 0.5041122436523438,
      "post_avg_norm": 1.3305600881576538,
      "global_avg_norm": 0.4632810950279236,
      "pre_avg_cos": 0.7300692200660706,
      "post_avg_cos": 0.01092517003417015,
      "pre_avg_l2": 0.36993327736854553,
      "post_avg_l2": 1.8668437004089355,
      "l2_increase": 1.49691042304039,
      "l2_ratio": 5.046433543864321,
      "displacement_to_norm": 3.2311062091300213,
      "lm_head_avg_cos": 0.01092517003417015
    },
    {
      "name": "1.5B",
      "d": 1536,
      "n_layers": 28,
      "n_params_M": 1543.714304,
      "pre_avg_norm": 0.9916397929191589,
      "post_avg_norm": 2.6031908988952637,
      "global_avg_norm": 1.0157537460327148,
      "pre_avg_cos": 0.7510966062545776,
      "post_avg_cos": 0.012935866601765156,
      "pre_avg_l2": 0.7006029486656189,
      "post_avg_l2": 3.650503635406494,
      "l2_increase": 2.9499006867408752,
      "l2_ratio": 5.210517086515633,
      "displacement_to_norm": 2.9041494535186794,
      "lm_head_avg_cos": 0.012935866601765156
    },
    {
      "name": "14B",
      "d": 5120,
      "n_layers": 48,
      "n_params_M": 8164.004864,
      "pre_avg_norm": 1.3407076597213745,
      "post_avg_norm": 3.8951168060302734,
      "global_avg_norm": 1.1415189504623413,
      "pre_avg_cos": 0.18035300076007843,
      "post_avg_cos": -0.07451292127370834,
      "pre_avg_l2": 1.7065232992172241,
      "post_avg_l2": 5.687227725982666,
      "l2_increase": 3.980704426765442,
      "l2_ratio": 3.3326399518003136,
      "displacement_to_norm": 3.4871995990994678,
      "lm_head_avg_cos": 0.7427082061767578
    }
  ]
}