{
  "phase": "197",
  "name": "Turing Completeness Probe",
  "results": {
    "comparison": {
      "10": 0.6363636363636364,
      "14": 0.9090909090909091,
      "15": 0.8636363636363636,
      "18": 0.9090909090909091,
      "20": 0.9545454545454546,
      "22": 0.9545454545454546
    },
    "even_odd": {
      "10": 0.16666666666666666,
      "14": 0.16666666666666666,
      "15": 0.3333333333333333,
      "18": 0.16666666666666666,
      "20": 0.5,
      "22": 0.5
    }
  }
}